GameID,game_title
1,007: quantum of solace
2,100 classic books
3,101-in-1 explosive megamix
4,1701 a.d.
5,18 wheeler: american pro trucker
6,2002 fifa world cup
7,2010 fifa world cup south africa
8,2014 fifa world cup brazil
9,24: the game
10,25 to life
11,300: march to glory
12,3d dot game heroes
13,4x4 evo 2
14,4x4 evolution
15,50 cent: blood on the sand
16,50 cent: bulletproof
17,7 days to die
18,7 wonders of the ancient world
19,7th dragon iii code: vfd
20,a boy and his blob
21,a new beginning
22,a witch's tale
23,ace attorney investigations: miles edgeworth
24,ace combat 04: shattered skies
25,ace combat 5: the unsung war
26,ace combat 6: fires of liberation
27,ace combat x: skies of deception
28,ace combat zero: the belkan war
29,ace combat: assault horizon
30,ace combat: assault horizon legacy
31,ace combat: joint assault
32,activision anthology
33,advance wars
34,advance wars 2: black hole rising
35,advance wars: days of ruin
36,advance wars: dual strike
37,advent rising
38,adventure time: finn & jake investigations
39,adventures to go!
40,aero elite: combat academy
41,afro samurai
42,agatha christie: and then there were none
43,agatha christie: the abc murders
44,age of conan: rise of the godslayer
45,age of empires iii
46,age of empires iii: the asian dynasties
47,age of empires online
48,age of empires: mythologies
49,age of empires: the age of kings
50,age of mythology
51,age of mythology: the titans
52,aggressive inline
53,aidyn chronicles: the first mage
54,air conflicts: secret wars
55,airblade
56,airforce delta storm
57,alan wake
58,alice: madness returns
59,alien hominid
60,alien: isolation
61,aliens in the attic
62,aliens versus predator: extinction
63,aliens: colonial marines
64,aliens: infestation
65,all-pro football 2k8
66,all-star baseball 2002
67,alone in the dark
68,alone in the dark: the new nightmare
69,alpha protocol
70,alter echo
71,american idol
72,amped 2
73,amped 3
74,amped: freestyle snowboarding
75,amplitude
76,anarchy reigns
77,angry birds
78,angry birds trilogy
79,animal crossing
80,animal crossing: amiibo festival
81,animal crossing: city folk
82,animal crossing: happy home designer
83,animal crossing: new leaf
84,animal crossing: wild world
85,anno 2070
86,anno 2205
87,apache: air assault
88,ape escape 2
89,ape escape 3
90,ape escape academy
91,ape escape: on the loose
92,ape escape: pumped & primed
93,apollo justice: ace attorney
94,aquapazza: aquaplus dream match
95,ar nosurge: ode to an unborn star
96,ar tonelico qoga: knell of ar ciel
97,ar tonelico: melody of elemia
98,arc rise fantasia
99,arc the lad: twilight of the spirits
100,arcana heart
101,arcania: gothic 4
102,arctic thunder
103,arma ii
104,armed and dangerous
105,armored core 2: another age
106,armored core 3
107,armored core 4
108,armored core v
109,armored core: for answer
110,armored core: last raven
111,armored core: nexus
112,armored core: verdict day
113,army corps of hell
114,army men: green rogue
115,army men: rts
116,army men: sarge's war
117,army of two
118,army of two: the 40th day
119,army of two: the devil's cartel
120,arslan: the warriors of legend
121,art academy
122,art academy: lessons for everyone
123,arx fatalis
124,asphalt 3d
125,asphalt: injection
126,asphalt: urban gt
127,assassin's creed
128,assassin's creed chronicles: china
129,assassin's creed ii
130,assassin's creed ii: discovery
131,assassin's creed iii
132,assassin's creed iii: liberation
133,assassin's creed iv: black flag
134,assassin's creed syndicate
135,assassin's creed: bloodlines
136,assassin's creed: brotherhood
137,assassin's creed: revelations
138,assetto corsa
139,astro boy
140,astro boy: omega factor
141,astro boy: the video game
142,asura's wrath
143,atari anniversary advance
144,atari anthology
145,atelier annie: alchemists of sera island
146,atelier ayesha: the alchemist of dusk
147,atelier escha & logy: alchemists of the dusk sky
148,atelier iris: eternal mana
149,atelier shallie: alchemists of the dusk sea
150,atelier sophie: the alchemist of the mysterious book
151,atelier totori: the adventurer of arland
152,athens 2004
153,attack on titan: humanity in chains
154,atv offroad fury
155,atv offroad fury 2
156,atv offroad fury 3
157,atv offroad fury pro
158,atv quad power racing 2
159,auto modellista
160,avalon code
161,avatar: the last airbender
162,avatar: the last airbender - the burning earth
163,azurik: rise of perathia
164,back to the future: the game
165,backyard wrestling 2: there goes the neighborhood
166,backyard wrestling: don't try this at home
167,bad boys: miami takedown
168,baldur's gate: dark alliance
169,baldur's gate: dark alliance ii
170,band hero
171,banjo-kazooie: grunty's revenge
172,banjo-kazooie: nuts & bolts
173,banjo-pilot
174,baroque
175,baten kaitos origins
176,baten kaitos: eternal wings and the lost ocean
177,batman begins
178,batman: arkham asylum
179,batman: arkham city
180,batman: arkham knight
181,batman: arkham origins
182,batman: arkham origins blackgate
183,batman: dark tomorrow
184,batman: rise of sin tzu
185,batman: vengeance
186,battalion wars
187,battalion wars 2
188,battle fantasia
189,battleborn
190,battlefield 1942
191,battlefield 2
192,battlefield 2142
193,battlefield 2: modern combat
194,battlefield 3
195,battlefield 4
196,battlefield vietnam
197,battlefield: bad company
198,battlefield: bad company 2
199,battles of prince of persia
200,battlestations: midway
201,battlestations: pacific
202,bayonetta
203,bayonetta 2
204,beach spikers: virtua beach volleyball
205,beat down: fists of vengeance
206,beaterator
207,beautiful katamari
208,bejeweled 3
209,bejeweled twist
210,ben 10 alien force: vilgax attacks
211,beowulf: the game
212,beyond good & evil
213,beyond: two souls
214,big brain academy
215,big brain academy: wii degree
216,big mutha truckers
217,billy hatcher and the giant egg
218,binary domain
219,bionicle
220,bionicle heroes
221,bioshock
222,bioshock 2
223,bioshock infinite
224,birds of steel
225,black
226,black & bruised
227,black & white
228,black & white 2
229,blacksite: area 51
230,blade ii
231,blades of time
232,bladestorm: nightmare
233,bladestorm: the hundred years' war
234,blazblue: calamity trigger
235,blazblue: chrono phantasma
236,blazblue: chrono phantasma extend
237,blazblue: continuum shift
238,blazblue: continuum shift extend
239,blazblue: continuum shift ii
240,blazing angels 2: secret missions of wwii
241,blazing angels: squadrons of wwii
242,bleach: dark souls
243,bleach: shattered blade
244,bleach: soul resurreccion
245,bleach: the blade of fate
246,blinx 2: masters of time & space
247,blinx: the time sweeper
248,blitz: the league
249,blitz: the league ii
250,blood omen 2
251,blood wake
252,bloodborne
253,bloodrayne
254,bloodrayne 2
255,bloody roar 3
256,bloody roar 4
257,bloody roar: primal fury
258,blowout
259,blue dragon
260,blue dragon plus
261,blur
262,bmx xxx
263,boktai: the sun is in your hand
264,bomberman generation
265,bomberman land
266,bomberman land touch!
267,boom blox
268,boom blox bash party
269,borderlands
270,borderlands 2
271,borderlands: the handsome collection
272,borderlands: the pre-sequel
273,botanicula
274,bound by flame
275,braid
276,brain age 2: more training in minutes a day
277,brain age: concentration training
278,bratz: rock angelz
279,bravely second: end layer
280,breakdown
281,breath of fire
282,breath of fire: dragon quarter
283,brink
284,britney's dance beat
285,broken sword 5: the serpent's curse
286,broken sword: the shadow of the templars
287,broken sword: the sleeping dragon
288,brothers in arms: d-day
289,brothers in arms: double time
290,brothers in arms: earned in blood
291,brothers in arms: hell's highway
292,brothers in arms: road to hill 30
293,brothers: a tale of two sons
294,bruce lee: quest of the dragon
295,brutal legend
296,brute force
297,buffy the vampire slayer
298,buffy the vampire slayer: chaos bleeds
299,build-a-bear workshop: a friend fur all seasons
300,bujingai: the forsaken city
301,bullet witch
302,bulletstorm
303,bully
304,bully: scholarship edition
305,burnout 2: point of impact
306,burnout 3: takedown
307,burnout dominator
308,burnout legends
309,burnout paradise
310,burnout revenge
311,bust-a-move bash!
312,bust-a-move universe
313,buzz! master quiz
314,buzz! quiz tv
315,buzz! quiz world
316,buzz! the hollywood quiz
317,buzz! the mega quiz
318,c.o.p.: the recruit
319,cabela's big game hunter
320,cabela's dangerous hunts 2011
321,call of cthulhu: dark corners of the earth
322,call of duty 2
323,call of duty 2: big red one
324,call of duty 3
325,call of duty 4: modern warfare
326,call of duty: advanced warfare
327,call of duty: black ops
328,call of duty: black ops ii
329,call of duty: finest hour
330,call of duty: ghosts
331,call of duty: modern warfare 2
332,call of duty: modern warfare 3
333,call of duty: world at war
334,call of juarez
335,call of juarez: bound in blood
336,call of juarez: the cartel
337,calling
338,capcom classics collection
339,capcom classics collection reloaded
340,capcom classics collection remixed
341,capcom fighting evolution
342,captain america: super soldier
343,captain toad: treasure tracker
344,carmageddon: max damage
345,carmen sandiego: the secret of the stolen drums
346,cartoon network: punch time explosion
347,casper: spirit dimensions
348,castlevania chronicles
349,castlevania judgment
350,castlevania: aria of sorrow
351,castlevania: circle of the moon
352,castlevania: curse of darkness
353,castlevania: dawn of sorrow
354,castlevania: harmony of dissonance
355,castlevania: lament of innocence
356,castlevania: lords of shadow
357,castlevania: lords of shadow - mirror of fate
358,castlevania: lords of shadow 2
359,castlevania: order of ecclesia
360,castlevania: portrait of ruin
361,castlevania: the dracula x chronicles
362,catherine
363,cave story 3d
364,cel damage
365,ceville
366,champions of norrath
367,champions: return to arms
368,championship motocross 2001 featuring ricky carmichael
369,chaos legion
370,charlie and the chocolate factory
371,chibi-robo! park patrol
372,chibi-robo! zip lash
373,chicago enforcer
374,chicken shoot
375,child of eden
376,child of light
377,children of mana
378,chromehounds
379,chronicles of mystery: curse of the ancient temple
380,chuchu rocket!
381,cities in motion
382,cities: skylines
383,class of heroes
384,clive barker's jericho
385,clock tower 3
386,close combat: first to fight
387,cloudy with a chance of meatballs
388,clubhouse games
389,code lyoko: quest for infinity
390,code name: s.t.e.a.m.
391,coded arms
392,codename: kids next door: operation v.i.d.e.o.g.a.m.e.
393,cold fear
394,cold winter
395,colin mcrae rally 04
396,colin mcrae rally 2005
397,colin mcrae rally 3
398,combat elite: wwii paratroopers
399,combat of giants: dinosaurs 3d
400,command & conquer 3: kane's wrath
401,command & conquer 3: tiberium wars
402,command & conquer 4: tiberian twilight
403,command & conquer: red alert 3
404,command & conquer: the first decade
405,commandos 3: destination berlin
406,company of heroes
407,company of heroes 2
408,company of heroes: opposing fronts
409,company of heroes: tales of valor
410,conception ii: children of the seven stars
411,condemned 2: bloodshot
412,condemned: criminal origins
413,conduit 2
414,conflict: desert storm
415,conflict: global terror
416,conflict: vietnam
417,conker's bad fur day
418,contra 4
419,contra: shattered soldier
420,cooking mama
421,cooking mama 2: dinner with friends
422,cooking mama 3: shop & chop
423,cooking mama: cook off
424,cooking mama: world kitchen
425,coraline
426,corpse party: blood drive
427,corvette
428,cossacks: european wars
429,counter-strike
430,counter-strike: source
431,crackdown
432,crackdown 2
433,crash 'n' burn
434,crash bandicoot 2: n-tranced
435,crash bandicoot purple: ripto's rampage
436,crash bandicoot: the huge adventure
437,crash bandicoot: the wrath of cortex
438,crash boom bang!
439,crash nitro kart
440,crash of the titans
441,crash tag team racing
442,crash: mind over mutant
443,crazy taxi 3: high roller
444,crazy taxi: catch a ride
445,crazy taxi: fare wars
446,criminal girls: invite only
447,crimson skies: high road to revenge
448,crisis core: final fantasy vii
449,cross edge
450,crosswords
451,cruis'n
452,crysis
453,crysis 2
454,crysis 3
455,csi: crime scene investigation
456,cubic ninja
457,cubivore: survival of the fittest
458,culdcept saga
459,curious george
460,cursed mountain
461,custom robo
462,custom robo arena
463,damnation
464,dance central 2
465,dance central 3
466,dance dance revolution extreme 2
467,dance dance revolution supernova
468,dance dance revolution supernova 2
469,dance dance revolution universe
470,dance dance revolution: mario mix
471,danganronpa 2: goodbye despair
472,danganronpa another episode: ultra despair girls
473,danganronpa: trigger happy havoc
474,dante's inferno
475,dark cloud 2
476,dark sector
477,dark souls
478,dark souls ii
479,dark souls iii
480,dark void
481,darksiders
482,darksiders ii
483,darkspore
484,darkstalkers chronicle: the chaos tower
485,darkstar one
486,darkstone
487,data east arcade classics
488,dave mirra freestyle bmx 2
489,dawn of discovery
490,dawn of mana
491,daxter
492,dc universe online
493,de blob
494,de blob 2
495,dead island
496,dead island: riptide
497,dead man's hand
498,dead or alive 3
499,dead or alive 4
500,dead or alive 5
501,dead or alive paradise
502,dead or alive ultimate
503,dead or alive xtreme 2
504,dead rising
505,dead rising 2
506,dead rising 2: off the record
507,dead rising 3
508,dead rising: chop till you drop
509,dead space
510,dead space 2
511,dead space 3
512,dead to rights
513,dead to rights ii
514,dead to rights: reckoning
515,dead to rights: retribution
516,deadly creatures
517,deadly premonition
518,deadpool
519,death jr.
520,death jr.: root of evil
521,deathsmiles
522,deca sports
523,deception iv: blood ties
524,def jam vendetta
525,def jam: fight for ny
526,defiance
527,delta force: black hawk down
528,dementium ii
529,dementium: the ward
530,demigod
531,demon gaze
532,demon's souls
533,deponia
534,despicable me: the game - minion mayhem
535,destiny
536,destiny: the taken king
537,destroy all humans!
538,destroy all humans! 2
539,destroy all humans! big willy unleashed
540,destroy all humans! path of the furon
541,destruction derby arenas
542,deus ex: human revolution
543,deus ex: invisible war
544,deus ex: mankind divided
545,devil kings
546,devil may cry
547,devil may cry 2
548,devil may cry 3: dante's awakening
549,devil may cry 4
550,devil may cry hd collection
551,dewy's adventure
552,diablo ii: lord of destruction
553,diablo iii
554,diddy kong racing ds
555,die hard: vendetta
556,digimon all-star rumble
557,digimon racing
558,digimon rumble arena 2
559,digimon world 4
560,digimon world ds
561,digimon world: next order
562,dino crisis 3
563,dino stalker
564,dinosaur king
565,dinotopia: the timestone pirates
566,dirge of cerberus: final fantasy vii
567,dirt
568,dirt 2
569,dirt 3
570,dirt rally
571,dirt showdown
572,disaster report
573,disgaea 2: dark hero days
574,disgaea 3: absence of justice
575,disgaea 4: a promise unforgotten
576,disgaea 5: alliance of vengeance
577,disgaea d2: a brighter darkness
578,disgaea infinite
579,disgaea: afternoon of darkness
580,dishonored
581,disney art academy
582,disney infinity
583,disney magical world
584,disney universe
585,disney's chicken little
586,disney's extreme skate adventure
587,disney's kim possible 2: drakken's demise
588,disney's kim possible: kimmunicator
589,disney's lilo & stitch
590,disney's magical mirror starring mickey mouse
591,disney's meet the robinsons
592,disney's pk: out of the shadows
593,disney's stitch: experiment 626
594,disney's tarzan untamed
595,disney's the haunted mansion
596,dissidia 012: duodecim final fantasy
597,dissidia: final fantasy
598,divinity ii: ego draconis
599,divinity ii: the dragon knight saga
600,divinity: original sin
601,dj hero
602,dj hero 2
603,dmc: devil may cry
604,doctor lautrec and the forgotten knights
605,dog's life
606,dogz
607,dokapon kingdom
608,donkey kong country returns
609,donkey kong country: tropical freeze
610,donkey kong jungle beat
611,donkey konga
612,donkey konga 2
613,doom 3
614,doom 3 bfg edition
615,doom 3: resurrection of evil
616,downhill domination
617,dr. mario 64
618,draglade
619,dragon age ii
620,dragon age: inquisition
621,dragon age: origins
622,dragon ball gt: transformation
623,dragon ball z: attack of the saiyans
624,dragon ball z: battle of z
625,dragon ball z: budokai
626,dragon ball z: budokai 2
627,dragon ball z: budokai 3
628,dragon ball z: budokai tenkaichi
629,dragon ball z: budokai tenkaichi 2
630,dragon ball z: budokai tenkaichi 3
631,dragon ball z: burst limit
632,dragon ball z: buu's fury
633,dragon ball z: extreme butoden
634,dragon ball z: harukanaru densetsu
635,dragon ball z: infinite world
636,dragon ball z: sagas
637,dragon ball z: shin budokai
638,dragon ball z: shin budokai - another road
639,dragon ball z: supersonic warriors
640,dragon ball z: supersonic warriors 2
641,dragon ball z: taiketsu
642,dragon ball z: tenkaichi tag team
643,dragon ball z: the legacy of goku
644,dragon ball z: the legacy of goku ii
645,dragon ball z: ultimate tenkaichi
646,dragon ball: evolution
647,dragon ball: fusions
648,dragon ball: origins
649,dragon ball: origins 2
650,dragon ball: raging blast
651,dragon ball: raging blast 2
652,dragon ball: revenge of king piccolo
653,dragon ball: xenoverse
654,dragon blade: wrath of fire
655,dragon quest heroes: rocket slime
656,dragon quest iv: chapters of the chosen
657,dragon quest ix: sentinels of the starry skies
658,dragon quest monsters: joker
659,dragon quest monsters: joker 2
660,dragon quest swords: the masked queen and the tower of mirrors
661,dragon quest v: hand of the heavenly bride
662,dragon quest vi: realms of revelation
663,dragon quest viii: journey of the cursed king
664,dragon's crown
665,dragon's dogma
666,dragon's lair 3d: return to the lair
667,drakan: the ancients' gates
668,drake of the 99 dragons
669,drakengard
670,drakengard 2
671,drakengard 3
672,drakensang: the dark eye
673,drawn to life
674,drawn to life: spongebob squarepants edition
675,drawn to life: the next chapter
676,dreamcast collection
677,dreamfall: the longest journey
678,driv3r
679,driveclub
680,driver '76
681,driver 2 advance
682,driver: parallel lines
683,driver: renegade
684,driver: san francisco
685,drome racers
686,duel masters: kaijudo showdown
687,duke nukem forever
688,dungeon defenders
689,dungeon siege ii
690,dungeon siege iii
691,dungeon siege: throne of agony
692,dungeons & dragons heroes
693,dungeons & dragons tactics
694,dying light
695,dynasty tactics
696,dynasty tactics 2
697,dynasty warriors 3
698,dynasty warriors 4
699,dynasty warriors 4: xtreme legends
700,dynasty warriors 5
701,dynasty warriors 5 empires
702,dynasty warriors 6
703,dynasty warriors 6 empires
704,dynasty warriors 7
705,dynasty warriors 7: xtreme legends
706,dynasty warriors 8
707,dynasty warriors advance
708,dynasty warriors next
709,dynasty warriors: gundam
710,dynasty warriors: gundam 2
711,dynasty warriors: gundam 3
712,dynasty warriors: gundam reborn
713,dynasty warriors: strikeforce
714,ea playground
715,ea sports active
716,ea sports active 2
717,ea sports mma
718,ea sports ufc
719,ea sports ufc 2
720,earth defense force 2017
721,earth defense force 2025
722,earth defense force 2: invaders from planet space
723,earth defense force 4.1: the shadow of new despair
724,earth defense force: insect armageddon
725,earthworm jim
726,eat lead: the return of matt hazard
727,ecco the dolphin: defender of the future
728,echochrome
729,edna & harvey: harvey's new eyes
730,el shaddai: ascension of the metatron
731,elebits
732,elite beat agents
733,empire earth
734,empire earth ii
735,empire earth iii
736,empire: total war
737,enchanted arms
738,enclave
739,endless ocean
740,endless ocean: blue world
741,enemy front
742,enemy territory: quake wars
743,enslaved: odyssey to the west
744,enter the matrix
745,enthusia professional racing
746,eragon
747,escape dead island
748,escape from monkey island
749,espn nba 2k5
750,espn nfl 2k5
751,espn nhl 2k5
752,eternal darkness: sanity's requiem
753,eternal sonata
754,etrian mystery dungeon
755,etrian odyssey
756,etrian odyssey ii: heroes of lagaard
757,etrian odyssey iii: the drowned city
758,etrian odyssey untold: the millennium girl
759,euro truck simulator 2
760,eve online
761,everquest online adventures
762,everquest online adventures: frontiers
763,evil dead: regeneration
764,evil genius
765,evolution worlds
766,evolve
767,excite truck
768,excitebots: trick racing
769,extermination
770,eyepet
771,f-zero gx
772,f-zero: gp legend
773,f-zero: maximum velocity
774,f.e.a.r. 2: project origin
775,f.e.a.r. 3
776,f.e.a.r. files
777,f.e.a.r. perseus mandate
778,f1 2001
779,f1 2002
780,f1 2009
781,f1 2010
782,f1 2011
783,f1 2012
784,f1 2015
785,f1 race stars
786,fable ii
787,fable iii
788,fable: the journey
789,fable: the lost chapters
790,fairy fencer f
791,fairytale fights
792,fallout 3
793,fallout 4
794,fallout: brotherhood of steel
795,fallout: new vegas
796,family guy
797,family guy: back to the multiverse
798,fantastic 4
799,fantastic four: rise of the silver surfer
800,fantasy life
801,far cry
802,far cry 2
803,far cry 3
804,far cry 4
805,far cry instincts predator
806,farming simulator 2013
807,fatal frame
808,fatal frame ii: crimson butterfly
809,fatal frame iii: the tormented
810,fatal frame: maiden of black water
811,fear effect 2: retro helix
812,fear factor: unleashed
813,ferrari challenge trofeo pirelli
814,field commander
815,fifa 06: road to fifa world cup
816,fifa 14
817,fifa 15
818,fifa 16
819,fifa 17
820,fifa soccer 09
821,fifa soccer 10
822,fifa soccer 11
823,fifa soccer 13
824,fifa soccer 2003
825,fifa soccer 2004
826,fifa soccer 2005
827,fifa street
828,fifa street 2
829,fifa world cup: germany 2006
830,fight night 2004
831,fight night champion
832,fight night round 2
833,fight night round 3
834,fight night round 4
835,fighter within
836,fighting fantasy: the warlock of firetop mountain
837,final fantasy chronicles
838,final fantasy crystal chronicles: echoes of time
839,final fantasy crystal chronicles: ring of fates
840,final fantasy crystal chronicles: the crystal bearers
841,final fantasy explorers
842,final fantasy fables: chocobo tales
843,final fantasy fables: chocobo's dungeon
844,final fantasy i & ii: dawn of souls
845,final fantasy iv
846,final fantasy iv: the complete collection
847,final fantasy tactics a2: grimoire of the rift
848,final fantasy tactics advance
849,final fantasy type-0
850,final fantasy x
851,final fantasy x-2
852,final fantasy xi
853,final fantasy xi: chains of promathia
854,final fantasy xi: treasures of aht urhgan
855,final fantasy xii
856,final fantasy xii: revenant wings
857,final fantasy xiii
858,final fantasy xiii-2
859,final fantasy xiv: heavensward
860,final fantasy: the 4 heroes of light
861,final fight one
862,fire emblem
863,fire emblem: awakening
864,fire emblem: path of radiance
865,fire emblem: radiant dawn
866,fire emblem: shadow dragon
867,fire emblem: the sacred stones
868,fire pro wrestling returns
869,fishing resort
870,fist of the north star: ken's rage
871,fist of the north star: ken's rage 2
872,flatout
873,flatout 2
874,flatout: head on
875,flatout: ultimate carnage
876,flingsmash
877,folklore
878,football manager 2010
879,football manager 2011
880,football manager 2012
881,football manager 2013
882,football manager 2014
883,football manager 2015
884,football manager 2016
885,ford mustang: the legend lives
886,ford racing 2
887,ford racing 3
888,forever kingdom
889,forgotten realms: demon stone
890,fortune street
891,forza horizon
892,forza horizon 2
893,forza horizon 3
894,forza motorsport
895,forza motorsport 2
896,forza motorsport 3
897,forza motorsport 4
898,forza motorsport 5
899,forza motorsport 6
900,fossil fighters
901,fossil fighters: champions
902,fossil fighters: frontier
903,fragile dreams: farewell ruins of the moon
904,freaky flyers
905,freedom fighters
906,freedom wars
907,freekstyle
908,freelancer
909,frequency
910,frogger 3d
911,from russia with love
912,front mission 4
913,front mission evolved
914,frontlines: fuel of war
915,fugitive hunter: war on terror
916,full auto
917,full auto 2: battlelines
918,full spectrum warrior
919,fullmetal alchemist 2: curse of the crimson elixir
920,fullmetal alchemist and the broken angel
921,fullmetal alchemist: dual sympathy
922,funky barn
923,fur fighters: viggo's revenge
924,futurama
925,future tactics: the uprising
926,fuzion frenzy
927,fuzion frenzy 2
928,g.i. joe: the rise of cobra
929,gabrielle's ghostly groove 3d
930,game & wario
931,game & watch gallery 4
932,game of thrones
933,game party
934,game party 2
935,gangs of london
936,gardening mama
937,gauntlet: dark legacy
938,gauntlet: seven sorrows
939,gears of war
940,gears of war 2
941,gears of war 3
942,gears of war: judgment
943,gears of war: ultimate edition
944,genji: dawn of the samurai
945,genji: days of the blade
946,genma onimusha
947,geometry wars: galaxies
948,ghost rider
949,ghost squad
950,ghost trick: phantom detective
951,ghostbusters: the video game
952,giants: citizen kabuto
953,gladiator begins
954,gladiator: sword of vengeance
955,glory of heracles
956,go vacation
957,goat simulator
958,goblin commander: unleash the horde
959,god eater 2: rage burst
960,god eater resurrection
961,god of war
962,god of war collection
963,god of war ii
964,god of war iii
965,god of war: ascension
966,god of war: chains of olympus
967,god of war: ghost of sparta
968,god of war: origins collection
969,gods eater burst
970,godzilla: destroy all monsters melee
971,godzilla: domination!
972,godzilla: save the earth
973,golden axe: beast rider
974,golden sun
975,golden sun: dark dawn
976,goldeneye 007 (2010)
977,goldeneye 007: reloaded
978,goldeneye: rogue agent
979,goodbye deponia
980,gothic 3
981,grabbed by the ghoulies
982,gradius galaxies
983,gradius v
984,gran turismo 3: a-spec
985,gran turismo 4
986,gran turismo 5
987,gran turismo 5 prologue
988,gran turismo 6
989,grand kingdom
990,grand prix challenge
991,grand theft auto iii
992,grand theft auto iv
993,grand theft auto v
994,grand theft auto: chinatown wars
995,grand theft auto: liberty city stories
996,grand theft auto: san andreas
997,grand theft auto: vice city
998,grand theft auto: vice city stories
999,grandia ii
1000,grandia iii
1001,grandia xtreme
1002,gravity rush
1003,gravity rush remastered
1004,gray matter
1005,green day: rock band
1006,green lantern: rise of the manhunters
1007,grid
1008,grid 2
1009,grid autosport
1010,growlanser generations
1011,growlanser: heritage of war
1012,gt advance 2: rally racing
1013,gt pro series
1014,guild wars
1015,guild wars 2
1016,guilty gear isuka
1017,guilty gear judgment
1018,guilty gear x
1019,guilty gear x2
1020,guilty gear xrd -revelator-
1021,guilty gear xx accent core plus
1022,guitar hero
1023,guitar hero 5
1024,guitar hero encore: rocks the 80s
1025,guitar hero ii
1026,guitar hero iii: legends of rock
1027,guitar hero live
1028,guitar hero on tour: modern hits
1029,guitar hero: aerosmith
1030,guitar hero: metallica
1031,guitar hero: on tour
1032,guitar hero: on tour decades
1033,guitar hero: smash hits
1034,guitar hero: van halen
1035,guitar hero: warriors of rock
1036,gun
1037,gun metal
1038,gungrave
1039,gunvalkyrie
1040,half-life 2
1041,half-minute hero
1042,halo 2
1043,halo 2 multiplayer map pack
1044,halo 3
1045,halo 3: odst
1046,halo 4
1047,halo 5: guardians
1048,halo wars
1049,halo: combat evolved
1050,halo: combat evolved anniversary
1051,halo: reach
1052,halo: the master chief collection
1053,hamtaro: ham-ham games
1054,hamtaro: ham-ham heartbreak
1055,happy feet
1056,harry potter and the chamber of secrets
1057,harry potter and the goblet of fire
1058,harry potter and the half-blood prince
1059,harry potter and the order of the phoenix
1060,harry potter and the prisoner of azkaban
1061,harry potter and the sorcerer's stone
1062,harry potter: quidditch world cup
1063,harvest moon 3d: a new beginning
1064,harvest moon ds: island of happiness
1065,harvest moon: a wonderful life
1066,harvest moon: animal parade
1067,harvest moon: friends of mineral town
1068,harvest moon: magical melody
1069,harvest moon: more friends of mineral town
1070,harvest moon: save the homeland
1071,harvest moon: the tale of two towns
1072,harvest moon: tree of tranquility
1073,harvey birdman: attorney at law
1074,hasbro family game night
1075,hatsune miku: project diva f
1076,hatsune miku: project diva f 2nd
1077,hatsune miku: project diva x
1078,hatsune miku: project mirai dx
1079,haven: call of the king
1080,haze
1081,headhunter
1082,hearts of iron iii
1083,hearts of iron iv
1084,heatseeker
1085,heavenly sword
1086,heavy rain
1087,hellboy: the science of evil
1088,hellgate: london
1089,hello kitty: roller rescue
1090,help wanted: 50 wacky jobs
1091,henry hatsworth in the puzzling adventure
1092,heroes of mana
1093,heroes of might and magic v
1094,heroes of ruin
1095,heroes of the pacific
1096,hexyz force
1097,high school musical: sing it!
1098,hitman 2: silent assassin
1099,hitman: absolution
1100,hitman: blood money
1101,hitman: contracts
1102,homefront
1103,homefront: the revolution
1104,hometown story
1105,homeworld 2
1106,homeworld remastered collection
1107,hot shots golf 3
1108,hot shots golf fore!
1109,hot shots golf: out of bounds
1110,hot shots golf: world invitational
1111,hot shots tennis
1112,hot shots tennis: get a grip
1113,hot wheels: beat that!
1114,hot wheels: stunt track challenge
1115,hotel dusk: room 215
1116,hour of victory
1117,hulk
1118,hunted: the demon's forge
1119,hunter: the reckoning
1120,hyperdevotion noire: goddess black heart
1121,hyperdimension neptunia
1122,hyperdimension neptunia u: action unleashed
1123,hyperdimension neptunia victory
1124,hyrule warriors
1125,i-ninja
1126,ice age
1127,ice age 2: the meltdown
1128,ice age: dawn of the dinosaurs
1129,icewind dale ii
1130,ico
1131,ikaruga
1132,il-2 sturmovik
1133,il-2 sturmovik: 1946
1134,il-2 sturmovik: birds of prey
1135,impossible creatures
1136,inazuma eleven
1137,inazuma eleven strikers
1138,indiana jones and the emperor's tomb
1139,indiana jones and the staff of kings
1140,indigo prophecy
1141,infamous
1142,infamous 2
1143,infamous: second son
1144,infinite space
1145,infinite undiscovery
1146,injustice: gods among us
1147,innocent life: a futuristic harvest moon
1148,inuyasha: feudal combat
1149,inuyasha: secret of the divine jewel
1150,inuyasha: the secret of the cursed mask
1151,inversion
1152,invizimals
1153,iridion 3d
1154,iridion ii
1155,iron man 2
1156,ivy the kiwi?
1157,jack keane
1158,jackass the game
1159,jade cocoon 2
1160,jade empire
1161,jak 3
1162,jak and daxter: the lost frontier
1163,jak and daxter: the precursor legacy
1164,jak ii
1165,jak x: combat racing
1166,james bond 007: agent under fire
1167,james bond 007: everything or nothing
1168,james noir's hollywood crimes
1169,jaws unleashed
1170,jeanne d'arc
1171,jeremy mcgrath supercross world
1172,journey
1173,ju-on: the grudge
1174,judge dredd: dredd vs death
1175,juiced
1176,juiced 2: hot import nights
1177,jurassic park: operation genesis
1178,jurassic park: the game
1179,just cause
1180,just cause 2
1181,just cause 3
1182,just dance
1183,just dance 2
1184,just dance 2015
1185,just dance 3
1186,just dance 4
1187,justice league heroes
1188,kameo: elements of power
1189,kane & lynch 2: dog days
1190,kane & lynch: dead men
1191,kao the kangaroo
1192,kao the kangaroo round 2
1193,katamari damacy
1194,katamari forever
1195,kessen ii
1196,kid icarus: uprising
1197,kill.switch
1198,killer is dead
1199,killer7
1200,killzone
1201,killzone 2
1202,killzone 3
1203,killzone: liberation
1204,killzone: mercenary
1205,killzone: shadow fall
1206,kinect adventures!
1207,kinect joy ride
1208,kinect sports
1209,kinect sports rivals
1210,kinect sports: season two
1211,kinect star wars
1212,kinect: disneyland adventures
1213,kinectimals
1214,kinetica
1215,king arthur
1216,king of fighters: maximum impact
1217,king's bounty: armored princess
1218,king's field: the ancient city
1219,kingdom hearts
1220,kingdom hearts 3d: dream drop distance
1221,kingdom hearts ii
1222,kingdom hearts re:coded
1223,kingdom hearts: birth by sleep
1224,kingdom hearts: chain of memories
1225,kingdom of paradise
1226,kingdom under fire: circle of doom
1227,kingdom under fire: heroes
1228,kingdom under fire: the crusaders
1229,kingdoms of amalur: reckoning
1230,kirby & the amazing mirror
1231,kirby air ride
1232,kirby and the rainbow curse
1233,kirby super star ultra
1234,kirby's epic yarn
1235,kirby: canvas curse
1236,kirby: nightmare in dream land
1237,kirby: planet robobot
1238,kirby: triple deluxe
1239,klonoa 2: lunatea's veil
1240,knack
1241,knights contract
1242,knights in the nightmare
1243,knights of honor
1244,koihime enbu
1245,konami collector's series: arcade advanced
1246,korg ds-10 synthesizer
1247,kororinpa: marble mania
1248,kung fu chaos
1249,kya: dark lineage
1250,l.a. noire
1251,l.a. noire: the complete edition
1252,l.a. rush
1253,la pucelle: tactics
1254,lair
1255,land of the dead: road to fiddler's green
1256,lara croft and the temple of osiris
1257,lara croft tomb raider: the angel of darkness
1258,last rebellion
1259,left 4 dead
1260,left 4 dead 2
1261,legacy of kain: defiance
1262,legaia 2: duel saga
1263,legend of kay
1264,legend of kay anniversary
1265,legend of the guardians: the owls of ga'hoole
1266,legendary
1267,legends of wrestling
1268,legion: the legend of excalibur
1269,lego batman 2: dc super heroes
1270,lego batman 3: beyond gotham
1271,lego batman: the videogame
1272,lego battles
1273,lego battles: ninjago
1274,lego city undercover
1275,lego dimensions
1276,lego harry potter: years 1-4
1277,lego harry potter: years 5-7
1278,lego indiana jones 2: the adventure continues
1279,lego indiana jones: the original adventures
1280,lego jurassic world
1281,lego marvel super heroes
1282,lego marvel's avengers
1283,lego pirates of the caribbean: the video game
1284,lego rock band
1285,lego star wars ii: the original trilogy
1286,lego star wars iii: the clone wars
1287,lego star wars: the complete saga
1288,lego star wars: the force awakens
1289,lego the hobbit
1290,lego the lord of the rings
1291,leisure suit larry: magna cum laude
1292,lemony snicket's a series of unfortunate events
1293,let's tap
1294,life is strange
1295,lightning returns: final fantasy xiii
1296,link's crossbow training
1297,lips
1298,little deviants
1299,little king's story
1300,littlebigplanet
1301,littlebigplanet 2
1302,littlebigplanet 3
1303,littlebigplanet karting
1304,littlebigplanet ps vita
1305,lock's quest
1306,locoroco 2
1307,lollipop chainsaw
1308,looney tunes: acme arsenal
1309,looney tunes: back in action
1310,looney tunes: duck amuck
1311,looney tunes: sheep raider
1312,lord of arcana
1313,lords of the fallen
1314,lost dimension
1315,lost horizon
1316,lost in blue
1317,lost in blue 3
1318,lost in blue: shipwrecked
1319,lost in shadow
1320,lost kingdoms
1321,lost magic
1322,lost odyssey
1323,lost planet 2
1324,lost planet 3
1325,lost planet: extreme condition
1326,lost: via domus
1327,lufia: curse of the sinistrals
1328,luigi's mansion
1329,luigi's mansion: dark moon
1330,lumines: electronic symphony
1331,luminous arc
1332,luminous arc 2
1333,lunar knights
1334,lunar legend
1335,lunar: dragon song
1336,lunar: silver star harmony
1337,lupin the 3rd: treasure of the sorcerer king
1338,machinarium
1339,madden nfl 06
1340,madden nfl 07
1341,madden nfl 08
1342,madden nfl 09
1343,madden nfl 10
1344,madden nfl 11
1345,madden nfl 12
1346,madden nfl 13
1347,madden nfl 15
1348,madden nfl 16
1349,madden nfl 17
1350,madden nfl 2002
1351,madden nfl 2003
1352,madden nfl 2004
1353,madden nfl 2005
1354,madden nfl football
1355,madworld
1356,mafia
1357,mafia ii
1358,magic pengel: the quest for color
1359,magician's quest: mysterious times
1360,magicka
1361,magna carta 2
1362,magna carta: tears of blood
1363,magnetica
1364,mahjong cub3d
1365,majesty 2: the fantasy kingdom sim
1366,majin and the forsaken kingdom
1367,major league baseball 2k10
1368,major league baseball 2k11
1369,major league baseball 2k12
1370,major league baseball 2k8
1371,major league baseball 2k9
1372,makai kingdom: chronicles of the sacred tome
1373,mana khemia 2: fall of alchemy
1374,manhunt
1375,manhunt 2
1376,marble saga: kororinpa
1377,marc ecko's getting up: contents under pressure
1378,mario & luigi: bowser's inside story
1379,mario & luigi: dream team
1380,mario & luigi: paper jam
1381,mario & luigi: partners in time
1382,mario & luigi: superstar saga
1383,mario & sonic at the london 2012 olympic games
1384,mario & sonic at the olympic games
1385,mario & sonic at the olympic winter games
1386,mario & sonic at the rio 2016 olympic games
1387,mario golf: advance tour
1388,mario golf: toadstool tour
1389,mario golf: world tour
1390,mario kart 7
1391,mario kart 8
1392,mario kart ds
1393,mario kart wii
1394,mario kart: double dash!!
1395,mario kart: super circuit
1396,mario party 10
1397,mario party 4
1398,mario party 5
1399,mario party 6
1400,mario party 7
1401,mario party 8
1402,mario party 9
1403,mario party advance
1404,mario party ds
1405,mario party: island tour
1406,mario pinball land
1407,mario power tennis
1408,mario sports mix
1409,mario strikers charged
1410,mario super sluggers
1411,mario superstar baseball
1412,mario tennis open
1413,mario tennis: power tour
1414,mario vs. donkey kong
1415,mario vs. donkey kong 2: march of the minis
1416,marvel avengers: battle for earth
1417,marvel nemesis: rise of the imperfects
1418,marvel super hero squad
1419,marvel super hero squad: the infinity gauntlet
1420,marvel vs. capcom 3: fate of two worlds
1421,marvel vs. capcom origins
1422,marvel: ultimate alliance
1423,marvel: ultimate alliance 2
1424,mass effect
1425,mass effect 2
1426,mass effect 3
1427,master of the monster lair
1428,mat hoffman's pro bmx 2
1429,max payne
1430,max payne 2: the fall of max payne
1431,max payne 3
1432,maximo vs army of zin
1433,maximo: ghosts to glory
1434,me & my katamari
1435,mechanic master
1436,mechassault
1437,mechassault 2: lone wolf
1438,medal of honor
1439,medal of honor heroes
1440,medal of honor heroes 2
1441,medal of honor: airborne
1442,medal of honor: european assault
1443,medal of honor: frontline
1444,medal of honor: infiltrator
1445,medal of honor: rising sun
1446,medal of honor: vanguard
1447,medal of honor: warfighter
1448,medieval ii: total war
1449,medievil: resurrection
1450,mega man & bass
1451,mega man anniversary collection
1452,mega man battle network
1453,mega man battle network 2
1454,mega man legacy collection
1455,mega man maverick hunter x
1456,mega man network transmission
1457,mega man powered up
1458,mega man x collection
1459,mega man x6
1460,mega man x7
1461,mega man x8
1462,mega man x: command mission
1463,mega man zero
1464,mega man zero 2
1465,mega man zero 3
1466,mega man zero 4
1467,mega man zero collection
1468,mega man zx
1469,mega man zx advent
1470,megatagmension blanc + neptune vs zombies
1471,men in black ii: alien escape
1472,men of war
1473,men of war: assault squad
1474,mercenaries 2: world in flames
1475,mercenaries: playground of destruction
1476,mercury meltdown revolution
1477,metal arms: glitch in the system
1478,metal gear rising: revengeance
1479,metal gear solid 2: sons of liberty
1480,metal gear solid 2: substance
1481,metal gear solid 3: snake eater
1482,metal gear solid 3: subsistence
1483,metal gear solid 4: guns of the patriots
1484,metal gear solid hd edition
1485,metal gear solid v: ground zeroes
1486,metal gear solid v: the phantom pain
1487,metal gear solid: peace walker
1488,metal gear solid: portable ops
1489,metal gear solid: portable ops plus
1490,metal gear solid: the twin snakes
1491,metal slug 3
1492,metal slug 4 & 5
1493,metal slug 7
1494,metal slug advance
1495,metal slug anthology
1496,metal slug x
1497,meteos
1498,metro 2033
1499,metro: last light
1500,metroid fusion
1501,metroid prime
1502,metroid prime 2: echoes
1503,metroid prime 3: corruption
1504,metroid prime pinball
1505,metroid: other m
1506,metroid: zero mission
1507,miami law
1508,micro machines v4
1509,microsoft flight simulator x
1510,middle-earth: shadow of mordor
1511,midnight club 3: dub edition
1512,midnight club 3: dub edition remix
1513,midnight club ii
1514,midnight club: la remix
1515,midnight club: los angeles
1516,midtown madness 3
1517,midway arcade treasures
1518,midway arcade treasures 2
1519,midway arcade treasures 3
1520,midway arcade treasures: extended play
1521,might & magic x: legacy
1522,might & magic: clash of heroes
1523,mighty no. 9
1524,mind zero
1525,mindjack
1526,minecraft
1527,mini ninjas
1528,minority report: everybody runs
1529,mirror's edge
1530,mirror's edge catalyst
1531,mister mosquito
1532,mlb
1533,mlb 08: the show
1534,mlb 09: the show
1535,mlb 10: the show
1536,mlb 11: the show
1537,mlb 12: the show
1538,mlb 13: the show
1539,mlb 14: the show
1540,mlb 15: the show
1541,mlb power pros
1542,mlb power pros 2008
1543,mobile suit gundam: crossfire
1544,mobile suit gundam: encounters in space
1545,mobile suit gundam: federation vs. zeon
1546,modnation racers
1547,modnation racers: road trip
1548,monopoly streets
1549,monster 4x4: world circuit
1550,monster house
1551,monster hunter
1552,monster hunter 4 ultimate
1553,monster hunter freedom
1554,monster hunter freedom 2
1555,monster hunter freedom unite
1556,monster hunter tri
1557,monster jam
1558,monster jam: maximum destruction
1559,monster lab
1560,monster rancher 4
1561,mortal kombat vs. dc universe
1562,mortal kombat x
1563,mortal kombat: armageddon
1564,mortal kombat: deadly alliance
1565,mortal kombat: deception
1566,mortal kombat: shaolin monks
1567,motocross maniacs advance
1568,motogp 08
1569,motogp 14
1570,motogp 2
1571,motorstorm
1572,motorstorm: apocalypse
1573,motorstorm: arctic edge
1574,motorstorm: pacific rift
1575,mount & blade
1576,mount & blade: warband
1577,mr. driller: drill spirits
1578,mtx mototrax
1579,mugen souls
1580,mugen souls z
1581,muramasa: the demon blade
1582,murdered: soul suspect
1583,musashi: samurai legend
1584,mushroom men: the spore wars
1585,mvp baseball 2004
1586,mvp baseball 2005
1587,mx unleashed
1588,mx vs. atv reflex
1589,mx vs. atv unleashed
1590,mx vs. atv untamed
1591,mysims
1592,mysims agents
1593,mysims kingdom
1594,mysims racing
1595,myst iii: exile
1596,mystery case files: millionheir
1597,mystery case files: the malgrave incident
1598,mystery dungeon: shiren the wanderer
1599,mystic heroes
1600,n+
1601,namco museum
1602,namco museum battle collection
1603,namco museum ds
1604,namco museum megamix
1605,namco museum remix
1606,nancy drew: the white wolf of icicle creek
1607,nano assault
1608,napoleon: total war
1609,narc
1610,naruto shippuden: dragon blade chronicles
1611,naruto shippuden: kizuna drive
1612,naruto shippuden: legends: akatsuki rising
1613,naruto shippuden: naruto vs. sasuke
1614,naruto shippuden: ninja council 4
1615,naruto shippuden: ninja destiny 2
1616,naruto shippuden: ultimate ninja heroes 3
1617,naruto shippuden: ultimate ninja impact
1618,naruto shippuden: ultimate ninja storm 2
1619,naruto shippuden: ultimate ninja storm 3
1620,naruto shippuden: ultimate ninja storm 4
1621,naruto shippuden: ultimate ninja storm generations
1622,naruto shippuden: ultimate ninja storm revolution
1623,naruto: clash of ninja
1624,naruto: clash of ninja 2
1625,naruto: clash of ninja revolution
1626,naruto: clash of ninja revolution 2
1627,naruto: ninja council
1628,naruto: ninja council 3
1629,naruto: ninja destiny
1630,naruto: path of the ninja
1631,naruto: path of the ninja 2
1632,naruto: rise of a ninja
1633,naruto: the broken bond
1634,naruto: ultimate ninja
1635,naruto: ultimate ninja 2
1636,naruto: ultimate ninja 3
1637,naruto: ultimate ninja heroes
1638,naruto: ultimate ninja storm
1639,naruto: uzumaki chronicles 2
1640,nascar 08
1641,nascar 09
1642,nascar 2011: the game
1643,nascar heat 2002
1644,nascar kart racing
1645,nascar the game: inside line
1646,nascar thunder 2003
1647,nascar thunder 2004
1648,nascar: dirt to daytona
1649,natural doctrine
1650,naughty bear
1651,nba 2k10
1652,nba 2k11
1653,nba 2k12
1654,nba 2k13
1655,nba 2k14
1656,nba 2k15
1657,nba 2k16
1658,nba 2k17
1659,nba 2k6
1660,nba 2k7
1661,nba 2k8
1662,nba 2k9
1663,nba ballers
1664,nba courtside 2002
1665,nba live 06
1666,nba live 07
1667,nba live 08
1668,nba live 09
1669,nba live 10
1670,nba live 14
1671,nba live 15
1672,nba live 2003
1673,nba live 2004
1674,nba live 2005
1675,nba street
1676,nba street homecourt
1677,nba street v3
1678,nba street vol. 2
1679,ncaa basketball 10
1680,ncaa football 06
1681,ncaa football 07
1682,ncaa football 08
1683,ncaa football 09
1684,ncaa football 10
1685,ncaa football 11
1686,ncaa football 12
1687,ncaa football 13
1688,ncaa football 14
1689,ncaa football 2004
1690,ncaa football 2005
1691,ncis
1692,need for speed underground rivals
1693,need for speed: hot pursuit
1694,need for speed: hot pursuit 2
1695,need for speed: most wanted
1696,need for speed: nitro
1697,need for speed: prostreet
1698,need for speed: shift
1699,need for speed: the run
1700,need for speed: undercover
1701,neo contra
1702,neogeo battle coliseum
1703,neopets puzzle adventure
1704,neopets: the darkest faerie
1705,nerf n-strike
1706,nerf n-strike elite
1707,nes remix
1708,neverdead
1709,neverwinter nights
1710,neverwinter nights 2
1711,neverwinter nights 2: mask of the betrayer
1712,new super luigi u
1713,new super mario bros.
1714,new super mario bros. 2
1715,new super mario bros. u
1716,new super mario bros. wii
1717,nfl 2k2
1718,nfl street
1719,nfl street 2
1720,nfl street 3
1721,nhl 06
1722,nhl 08
1723,nhl 09
1724,nhl 10
1725,nhl 11
1726,nhl 12
1727,nhl 13
1728,nhl 14
1729,nhl 15
1730,nhl 16
1731,nhl 17
1732,nhl 2002
1733,nhl 2003
1734,nhl 2004
1735,nhl 2005
1736,nhl 2k9
1737,nhl hitz 20-02
1738,nhl hitz 20-03
1739,nhl slapshot
1740,ni no kuni: wrath of the white witch
1741,nicktoons: battle for volcano island
1742,nier
1743,nights of azure
1744,nights: journey of dreams
1745,nikoli's pencil puzzle
1746,ninja blade
1747,ninja gaiden 3
1748,ninja gaiden black
1749,ninja gaiden ii
1750,ninja gaiden sigma
1751,ninja gaiden sigma 2
1752,ninja gaiden: dragon sword
1753,ninja reflex
1754,ninjatown
1755,nintendo land
1756,nitroplus blasterz: heroines infinite duel
1757,no man's sky
1758,no more heroes
1759,no more heroes 2: desperate struggle
1760,nobunaga's ambition: rise to power
1761,nobunaga's ambition: sphere of influence
1762,obscure
1763,obscure: the aftermath
1764,odama
1765,oddworld: munch's oddysee
1766,oddworld: stranger's wrath
1767,odin sphere
1768,okage: shadow king
1769,okami
1770,okamiden
1771,omerta: city of gangsters
1772,one piece: burning blood
1773,one piece: pirate warriors
1774,one piece: pirate warriors 3
1775,one piece: unlimited adventure
1776,one piece: unlimited world red
1777,onechanbara z2: chaos
1778,onechanbara: bikini samurai squad
1779,onechanbara: bikini zombie slayers
1780,onimusha 2: samurai's destiny
1781,onimusha 3: demon siege
1782,onimusha tactics
1783,onimusha: dawn of dreams
1784,onimusha: warlords
1785,open season
1786,operation abyss: new tokyo legacy
1787,operation flashpoint: dragon rising
1788,operation flashpoint: red river
1789,opoona
1790,order up!
1791,order up!!
1792,oreshika: tainted bloodlines
1793,otogi: myth of demons
1794,otomedius excellent
1795,outrun 2006: coast 2 coast
1796,over the hedge
1797,over the hedge: hammy goes nuts!
1798,overlord
1799,overlord ii
1800,overlord: dark legend
1801,overlord: raising hell
1802,overwatch
1803,p.t.o. iv: pacific theater of operations
1804,pac 'n roll
1805,pac-man & galaga dimensions
1806,pac-man and the ghostly adventures
1807,pac-man and the ghostly adventures 2
1808,pac-man collection
1809,pac-man fever
1810,pac-man party
1811,pac-man world 2
1812,pac-man world 3
1813,pac-man world rally
1814,pac-pix
1815,painkiller
1816,painkiller: hell & damnation
1817,pandora's tower
1818,panzer dragoon orta
1819,paper mario: sticker star
1820,paper mario: the thousand-year door
1821,parappa the rapper 2
1822,paraworld
1823,pariah
1824,patapon
1825,patapon 2
1826,patapon 3
1827,payday 2
1828,pdc world championship darts 2008
1829,perfect dark zero
1830,persona 4: dancing all night
1831,persona 5
1832,persona q: shadow of the labyrinth
1833,personal trainer: cooking
1834,peter jackson's king kong: the official game of the movie
1835,phantasy star collection
1836,phantasy star online episode i & ii
1837,phantasy star online episode iii: c.a.r.d. revolution
1838,phantasy star online ver. 2
1839,phantasy star portable
1840,phantasy star portable 2
1841,phantasy star universe
1842,phantom brave
1843,phineas and ferb: across the 2nd dimension
1844,phoenix wright: ace attorney
1845,phoenix wright: ace attorney - dual destinies
1846,phoenix wright: ace attorney - justice for all
1847,phoenix wright: ace attorney - trials and tribulations
1848,phoenix wright: ace attorney trilogy
1849,picross 3d
1850,picross ds
1851,pikmin
1852,pikmin 2
1853,pikmin 3
1854,pillars of eternity
1855,pilotwings resort
1856,pimp my ride
1857,pinball hall of fame: the gottlieb collection
1858,pinball hall of fame: the williams collection
1859,ping pals
1860,pirates of the caribbean
1861,pirates of the caribbean: dead man's chest
1862,pirates of the caribbean: the legend of jack sparrow
1863,pirates: the legend of black kat
1864,pitfall: the lost expedition
1865,pixeljunk monsters deluxe
1866,planet of the apes
1867,planet puzzle league
1868,plants vs. zombies
1869,playboy: the mansion
1870,playstation all-stars battle royale
1871,playstation move heroes
1872,pokemon art academy
1873,pokemon battle revolution
1874,pokemon channel
1875,pokemon conquest
1876,pokemon dash
1877,pokemon mystery dungeon: explorers of sky
1878,pokemon mystery dungeon: gates to infinity
1879,pokemon pinball: ruby & sapphire
1880,pokemon ranger
1881,pokemon ranger: guardian signs
1882,pokemon ranger: shadows of almia
1883,pokemon rumble blast
1884,pokemon rumble world
1885,pokemon super mystery dungeon
1886,pokemon trozei!
1887,pokemon xd: gale of darkness
1888,pokepark 2: wonders beyond
1889,pokken tournament
1890,port royale 2
1891,portal 2
1892,post mortem
1893,praetorians
1894,predator: concrete jungle
1895,prey
1896,primal
1897,prince of persia trilogy
1898,prince of persia: the forgotten sands
1899,prince of persia: the sands of time
1900,prince of persia: the two thrones
1901,prince of persia: warrior within
1902,prinny: can i really be the hero?
1903,prison architect
1904,prison break: the conspiracy
1905,pro evolution soccer 2008
1906,pro evolution soccer 2010
1907,pro evolution soccer 2011
1908,pro evolution soccer 2012
1909,pro evolution soccer 2013
1910,pro evolution soccer 2014
1911,pro evolution soccer 2015
1912,pro evolution soccer 2016
1913,pro evolution soccer 2017
1914,pro race driver
1915,professor layton and the azran legacy
1916,professor layton and the curious village
1917,professor layton and the diabolical box
1918,professor layton and the last specter
1919,professor layton and the unwound future
1920,project cars
1921,project eden
1922,project gotham racing
1923,project spark
1924,project sylpheed: arc of deception
1925,project x zone
1926,project: snowblind
1927,psi-ops: the mindgate conspiracy
1928,psychonauts
1929,punch-out!!
1930,puppeteer
1931,pure
1932,pursuit force
1933,pursuit force: extreme justice
1934,puyo puyo tetris
1935,puzzle quest 2
1936,puzzle quest: challenge of the warlords
1937,puzzle quest: galactrix
1938,quake 4
1939,quantum break
1940,quantum redshift
1941,quantum theory
1942,r-type final
1943,r.u.s.e.
1944,r: racing evolution
1945,rabbids go home
1946,radiant historia
1947,radiata stories
1948,rage
1949,ragnarok ds
1950,ragnarok odyssey
1951,raiden fighters aces
1952,railroad tycoon 3
1953,rallisport challenge
1954,rallisport challenge 2
1955,rampage: total destruction
1956,rapala pro fishing
1957,rare replay
1958,ratatouille
1959,ratchet & clank
1960,ratchet & clank collection
1961,ratchet & clank future: a crack in time
1962,ratchet & clank future: quest for booty
1963,ratchet & clank future: tools of destruction
1964,ratchet & clank: all 4 one
1965,ratchet & clank: full frontal assault
1966,ratchet & clank: going commando
1967,ratchet & clank: into the nexus
1968,ratchet & clank: size matters
1969,ratchet & clank: up your arsenal
1970,ratchet: deadlocked
1971,rayman 3
1972,rayman 3: hoodlum havoc
1973,rayman arena
1974,rayman legends
1975,rayman origins
1976,rayman raving rabbids
1977,rayman raving rabbids 2
1978,rayman raving rabbids: tv party
1979,real heroes: firefighter
1980,reality fighters
1981,record of agarest war
1982,record of agarest war zero
1983,recore
1984,red dead redemption
1985,red dead revolver
1986,red faction ii
1987,red faction: armageddon
1988,red faction: guerrilla
1989,red orchestra 2: heroes of stalingrad
1990,red steel
1991,red steel 2
1992,reign of fire
1993,remember me
1994,rengoku: the tower of purgatory
1995,resident evil (remake)
1996,resident evil 4
1997,resident evil 4 hd
1998,resident evil 5
1999,resident evil 6
2000,resident evil: dead aim
2001,resident evil: deadly silence
2002,resident evil: operation raccoon city
2003,resident evil: revelations
2004,resident evil: revelations 2
2005,resident evil: the darkside chronicles
2006,resident evil: the mercenaries 3d
2007,resident evil: the umbrella chronicles
2008,resistance 2
2009,resistance 3
2010,resistance: burning skies
2011,resistance: fall of man
2012,resistance: retribution
2013,resonance of fate
2014,retro game challenge
2015,return to popolocrois: a story of seasons fairytale
2016,rez
2017,rhapsody: a musical adventure
2018,rhythm heaven
2019,rhythm thief & the emperor's treasure
2020,ribbit king
2021,ride
2022,ridge racer
2023,ridge racer 3d
2024,ridge racer 6
2025,ridge racer 7
2026,ridge racer ds
2027,ridge racer unbounded
2028,rise of nations
2029,rise of nations: rise of legends
2030,rise of nightmares
2031,rise of the kasai
2032,rise of the tomb raider
2033,risen
2034,risen 2: dark waters
2035,risen 3: titan lords
2036,riviera: the promised land
2037,rlh: run like hell
2038,robert ludlum's the bourne conspiracy
2039,robotech: battlecry
2040,rock band
2041,rock band 2
2042,rock band 3
2043,rock band 4
2044,rock band unplugged
2045,rocket league
2046,rocksmith
2047,rockstar games presents table tennis
2048,rodea the sky soldier
2049,rogue galaxy
2050,rogue trooper
2051,rogue warrior
2052,rollercoaster tycoon 2
2053,rollercoaster tycoon 3
2054,romance of the three kingdoms viii
2055,romance of the three kingdoms xi
2056,rome: total war
2057,rory mcilroy pga tour
2058,rumble racing
2059,rumble roses
2060,rumble roses xx
2061,runaway: a twist of fate
2062,rune factory 2: a fantasy harvest moon
2063,rune factory 3: a fantasy harvest moon
2064,rune factory 4
2065,rune factory: a fantasy harvest moon
2066,rune factory: tides of destiny
2067,rygar: the legendary adventure
2068,ryse: son of rome
2069,s.t.a.l.k.e.r.: call of pripyat
2070,s.t.a.l.k.e.r.: clear sky
2071,s.t.a.l.k.e.r.: shadow of chernobyl
2072,sacred 2: fallen angel
2073,sacred 3
2074,saint seiya: sanctuary battle
2075,saint seiya: soldiers' soul
2076,saints row
2077,saints row 2
2078,saints row iv
2079,saints row: the third
2080,samba de amigo
2081,samurai jack: the amulet of time
2082,samurai shodown sen
2083,samurai warriors
2084,samurai warriors 2
2085,samurai warriors 2: xtreme legends
2086,samurai warriors 3
2087,samurai warriors 4
2088,samurai warriors 4-ii
2089,samurai warriors chronicles
2090,samurai warriors chronicles 3
2091,samurai warriors: state of war
2092,samurai western
2093,sands of destruction
2094,savage skies
2095,saw
2096,saw ii: flesh & blood
2097,scarface: the world is yours
2098,scene it? bright lights! big screen!
2099,scooby-doo! mystery mayhem
2100,scooby-doo! night of 100 frights
2101,scooby-doo! unmasked
2102,scrapland
2103,scribblenauts
2104,scribblenauts unmasked: a dc comics adventure
2105,second sight
2106,secret agent clank
2107,secret files 2: puritas cordis
2108,secret files: tunguska
2109,secret weapons over normandy
2110,section 8
2111,seek and destroy
2112,sega classics collection
2113,sega gt 2002
2114,sega gt online
2115,sega rally revo
2116,sega soccer slam
2117,sega superstars tennis
2118,sengoku
2119,sengoku basara: samurai heroes
2120,senran kagura 2: deep crimson
2121,senran kagura: estival versus
2122,serious sam 3: bfe
2123,serious sam ii
2124,serious sam: next encounter
2125,seven samurai 20xx
2126,shadow hearts
2127,shadow hearts: covenant
2128,shadow hearts: from the new world
2129,shadow man: 2econd coming
2130,shadow of destiny
2131,shadow of rome
2132,shadow of the colossus
2133,shadow the hedgehog
2134,shadows of the damned
2135,shaman king: power of spirit
2136,shantae and the pirate's curse
2137,shaun palmer's pro snowboarder
2138,shaun white snowboarding
2139,shellshock: nam '67
2140,shenmue ii
2141,sherlock holmes vs. jack the ripper
2142,sherlock holmes: the mystery of the mummy
2143,shin megami tensei iv
2144,shin megami tensei: devil summoner - raidou kuzunoha vs. the soulless army
2145,shin megami tensei: devil survivor
2146,shin megami tensei: devil survivor 2
2147,shin megami tensei: devil survivor overclocked
2148,shin megami tensei: digital devil saga
2149,shin megami tensei: digital devil saga 2
2150,shin megami tensei: nocturne
2151,shin megami tensei: persona
2152,shin megami tensei: persona 3
2153,shin megami tensei: persona 3 fes
2154,shin megami tensei: persona 3 portable
2155,shin megami tensei: persona 4
2156,shin megami tensei: strange journey
2157,shining force neo
2158,shining force: resurrection of the dark dragon
2159,shining soul
2160,shining soul ii
2161,shining tears
2162,shovel knight
2163,showdown: legends of wrestling
2164,shox
2165,shrek 2
2166,shrek: hassle at the castle
2167,sid meier's civilization iv
2168,sid meier's civilization revolution
2169,sid meier's civilization v
2170,sid meier's civilization: beyond earth
2171,sid meier's pirates!
2172,sid meier's railroads!
2173,silent hill 2
2174,silent hill 2: restless dreams
2175,silent hill 3
2176,silent hill 4: the room
2177,silent hill hd collection
2178,silent hill: book of memories
2179,silent hill: downpour
2180,silent hill: homecoming
2181,silent hill: origins
2182,silent hill: shattered memories
2183,silent hunter iii
2184,simanimals
2185,simcity 4
2186,simcity creator
2187,simcity ds
2188,simcity societies
2189,sing party
2190,singstar pop
2191,singstar rocks!
2192,singularity
2193,sins of a solar empire
2194,siren
2195,siren: blood curse
2196,skate
2197,skate 2
2198,skate 3
2199,skate it
2200,skylanders giants
2201,skylanders swap force
2202,skylanders: spyro's adventure
2203,sleeping dogs
2204,sly 2: band of thieves
2205,sly 3: honor among thieves
2206,sly cooper and the thievius raccoonus
2207,sly cooper: thieves in time
2208,smash court tennis pro tournament 2
2209,smuggler's run: warzones
2210,sniper elite
2211,sniper elite v2
2212,sniper: art of victory
2213,sniper: ghost warrior
2214,sniper: ghost warrior 2
2215,snk arcade classics vol. 1
2216,snk vs. capcom card fighters ds
2217,socom 3: u.s. navy seals
2218,socom 4: u.s. navy seals
2219,socom ii: u.s. navy seals
2220,socom: u.s. navy seals
2221,socom: u.s. navy seals confrontation
2222,socom: u.s. navy seals fireteam bravo
2223,socom: u.s. navy seals fireteam bravo 2
2224,socom: u.s. navy seals fireteam bravo 3
2225,socom: u.s. navy seals: combined assault
2226,solatorobo: red the hunter
2227,soldier of fortune ii: double helix
2228,soldier of fortune: gold edition
2229,soldier of fortune: payback
2230,song of the deep
2231,sonic & all-stars racing transformed
2232,sonic & sega all-stars racing
2233,sonic advance
2234,sonic advance 2
2235,sonic advance 3
2236,sonic adventure 2
2237,sonic and the black knight
2238,sonic and the secret rings
2239,sonic boom: rise of lyric
2240,sonic boom: shattered crystal
2241,sonic chronicles: the dark brotherhood
2242,sonic classic collection
2243,sonic colors
2244,sonic free riders
2245,sonic generations
2246,sonic heroes
2247,sonic mega collection plus
2248,sonic riders
2249,sonic riders: zero gravity
2250,sonic rivals
2251,sonic rivals 2
2252,sonic rush
2253,sonic rush adventure
2254,sonic unleashed
2255,sonic's ultimate genesis collection
2256,sorcery
2257,soul nomad & the world eaters
2258,soul reaver 2
2259,soul sacrifice
2260,soul sacrifice delta
2261,soulcalibur ii
2262,soulcalibur iii
2263,soulcalibur iv
2264,soulcalibur legends
2265,soulcalibur v
2266,soulcalibur: broken destiny
2267,south park: the stick of truth
2268,space hulk
2269,space invaders extreme
2270,space invaders extreme 2
2271,spartan: total warrior
2272,spawn: armageddon
2273,spec ops: the line
2274,special forces: nemesis strike
2275,spectral force 3
2276,spectral force genesis
2277,spectrobes
2278,spectrobes: beyond the portals
2279,spectrobes: origins
2280,speed kings
2281,sphinx and the cursed mummy
2282,spider-man 2
2283,spider-man 2: enter: electro
2284,spider-man 3
2285,spider-man: battle for new york
2286,spider-man: edge of time
2287,spider-man: friend or foe
2288,spider-man: mysterio's menace
2289,spider-man: shattered dimensions
2290,spider-man: the movie
2291,spider-man: web of shadows
2292,spirit camera: the cursed memoir
2293,splashdown
2294,splashdown: rides gone wild
2295,splatoon
2296,splatterhouse
2297,spongebob squarepants: battle for bikini bottom
2298,spongebob squarepants: creature from the krusty krab
2299,spongebob squarepants: the yellow avenger
2300,spongebob squigglepants
2301,spore
2302,spore creatures
2303,spore galactic adventures
2304,spore hero
2305,sports champions
2306,spy hunter
2307,spyro 2: season of flame
2308,spyro orange: the cortex conspiracy
2309,spyro: a hero's tail
2310,spyro: attack of the rhynocs
2311,spyro: enter the dragonfly
2312,spyro: season of ice
2313,spyro: shadow legacy
2314,ssx 3
2315,ssx blur
2316,ssx on tour
2317,ssx tricky
2318,star fox 64 3d
2319,star fox adventures
2320,star fox command
2321,star fox: assault
2322,star ocean: first departure
2323,star ocean: second evolution
2324,star ocean: the last hope
2325,star ocean: till the end of time
2326,star trek online
2327,star trek: conquest
2328,star trek: legacy
2329,star trek: shattered universe
2330,star trek: tactical assault
2331,star trek: voyager elite force
2332,star wars battlefront: elite squadron
2333,star wars battlefront: renegade squadron
2334,star wars episode ii: attack of the clones
2335,star wars episode iii: revenge of the sith
2336,star wars jedi knight ii: jedi outcast
2337,star wars jedi knight: jedi academy
2338,star wars rogue leader: rogue squadron ii
2339,star wars rogue squadron iii: rebel strike
2340,star wars the clone wars: lightsaber duels
2341,star wars the clone wars: republic heroes
2342,star wars trilogy: apprentice of the force
2343,star wars: bounty hunter
2344,star wars: empire at war
2345,star wars: flight of the falcon
2346,star wars: jedi power battles
2347,star wars: jedi starfighter
2348,star wars: knights of the old republic
2349,star wars: lethal alliance
2350,star wars: obi-wan
2351,star wars: republic commando
2352,star wars: starfighter
2353,star wars: super bombad racing
2354,star wars: the force unleashed
2355,star wars: the force unleashed ii
2356,star wars: the old republic
2357,starcraft ii: heart of the swarm
2358,starcraft ii: legacy of the void
2359,starcraft ii: wings of liberty
2360,starhawk
2361,starship troopers
2362,starsky & hutch
2363,start the party!
2364,state of decay
2365,state of emergency
2366,steel battalion
2367,steel diver
2368,stella deus: the gate of eternity
2369,stella glow
2370,stellaris
2371,still life
2372,still life 2
2373,story of seasons
2374,stranger of sword city
2375,stranglehold
2376,street fighter anniversary collection
2377,street fighter iv
2378,street fighter v
2379,street fighter x tekken
2380,stronghold
2381,stronghold legends
2382,stuart little 2
2383,stubbs the zombie in rebel without a pulse
2384,stuntman
2385,stuntman: ignition
2386,sudeki
2387,suikoden iii
2388,suikoden iv
2389,suikoden tactics
2390,suikoden tierkreis
2391,suikoden v
2392,summer heat beach volleyball
2393,summon night 5
2394,summon night 6: lost borders
2395,summon night: twin age
2396,summoner 2
2397,sunset overdrive
2398,super dodgeball brawlers
2399,super dragon ball z
2400,super mario 3d land
2401,super mario 3d world
2402,super mario advance
2403,super mario galaxy
2404,super mario galaxy 2
2405,super mario maker
2406,super mario strikers
2407,super mario sunshine
2408,super monkey ball
2409,super monkey ball 2
2410,super monkey ball 3d
2411,super monkey ball adventure
2412,super monkey ball deluxe
2413,super monkey ball jr.
2414,super monkey ball: banana blitz
2415,super monkey ball: step & roll
2416,super monkey ball: touch & roll
2417,super paper mario
2418,super princess peach
2419,super robot taisen og saga: endless frontier
2420,super scribblenauts
2421,super smash bros. brawl
2422,super smash bros. melee
2423,super swing golf season 2
2424,supercar street challenge
2425,superman returns
2426,superman: shadow of apokolips
2427,superman: the man of steel
2428,supreme commander
2429,supreme commander 2
2430,supreme commander: forged alliance
2431,surf's up
2432,swat 4
2433,swat: global strike team
2434,sword art online: hollow fragment
2435,sword art online: lost song
2436,sword of mana
2437,syberia
2438,syberia ii
2439,syphon filter 3
2440,syphon filter: dark mirror
2441,syphon filter: logan's shadow
2442,syphon filter: the omega strain
2443,tactics ogre: the knight of lodis
2444,taiko drum master
2445,taito legends
2446,tak 2: the staff of dreams
2447,tak and the power of juju
2448,tak: the great juju challenge
2449,tales of berseria
2450,tales of graces
2451,tales of legendia
2452,tales of symphonia
2453,tales of symphonia: dawn of the new world
2454,tales of the abyss
2455,tales of the world: radiant mythology
2456,tales of vesperia
2457,tales of xillia
2458,tales of xillia 2
2459,tales of zestiria
2460,tamagotchi connection: corner shop
2461,tamagotchi connection: corner shop 2
2462,tamagotchi party on!
2463,tank! tank! tank!
2464,tao feng: fist of the lotus
2465,tatsunoko vs. capcom: ultimate all-stars
2466,taz wanted
2467,tearaway
2468,tearaway unfolded
2469,tears to tiara ii: heir of the overlord
2470,teen titans
2471,teenage mutant ninja turtles 2: battle nexus
2472,teenage mutant ninja turtles 3: mutant nightmare
2473,teenage mutant ninja turtles: arcade attack
2474,teenage mutant ninja turtles: mutants in manhattan
2475,teenage mutant ninja turtles: smash-up
2476,tekken 4
2477,tekken 5
2478,tekken 6
2479,tekken advance
2480,tekken tag tournament 2
2481,tenchu z
2482,tenchu: fatal shadows
2483,tenchu: return from darkness
2484,tenchu: shadow assassins
2485,tenchu: wrath of heaven
2486,tera
2487,terminator 3: rise of the machines
2488,terminator 3: the redemption
2489,terraria
2490,teslagrad
2491,test drive
2492,test drive off-road wide open
2493,test drive unlimited
2494,test drive unlimited 2
2495,test drive: eve of destruction
2496,tetris axis
2497,tetris ds
2498,tetris evolution
2499,tetris party deluxe
2500,tetris worlds
2501,the 3rd birthday
2502,the adventures of jimmy neutron boy genius: attack of the twonkies
2503,the adventures of tintin: the game
2504,the ant bully
2505,the beatles: rock band
2506,the bigs
2507,the bigs 2
2508,the binding of isaac
2509,the book of unwritten tales
2510,the book of unwritten tales 2
2511,the bureau: xcom declassified
2512,the chronicles of narnia: prince caspian
2513,the chronicles of riddick: assault on dark athena
2514,the chronicles of riddick: escape from butcher bay
2515,the club
2516,the conduit
2517,the crew
2518,the crew: wild run
2519,the cursed crusade
2520,the da vinci code
2521,the darkness ii
2522,the dukes of hazzard: return of the general lee
2523,the elder scrolls iii: morrowind
2524,the elder scrolls iv: oblivion
2525,the elder scrolls online
2526,the elder scrolls v: skyrim
2527,the evil within
2528,the first templar
2529,the getaway
2530,the getaway: black monday
2531,the godfather
2532,the godfather ii
2533,the godfather: mob wars
2534,the golden compass
2535,the golf club
2536,the grim adventures of billy & mandy
2537,the guy game
2538,the hardy boys: treasure on the tracks
2539,the history channel: battle for the pacific
2540,the history channel: civil war - a nation divided
2541,the house of the dead 2 & 3 return
2542,the house of the dead iii
2543,the house of the dead: overkill
2544,the house of the dead: overkill - extended cut
2545,the ico & shadow of the colossus collection
2546,the incredible hulk: ultimate destruction
2547,the inner world
2548,the italian job
2549,the king of fighters '98 ultimate match
2550,the king of fighters collection: the orochi saga
2551,the king of fighters ex2: howling blood
2552,the king of fighters xi
2553,the king of fighters xiii
2554,the king of fighters xiv
2555,the last of us
2556,the last remnant
2557,the last story
2558,the legend of alon d'ar
2559,the legend of heroes ii: prophecy of the moonlight witch
2560,the legend of heroes: a tear of vermillion
2561,the legend of heroes: trails of cold steel
2562,the legend of heroes: trails of cold steel ii
2563,the legend of legacy
2564,the legend of spyro: a new beginning
2565,the legend of spyro: the eternal night
2566,the legend of zelda: a link between worlds
2567,the legend of zelda: four swords adventures
2568,the legend of zelda: majora's mask 3d
2569,the legend of zelda: phantom hourglass
2570,the legend of zelda: skyward sword
2571,the legend of zelda: spirit tracks
2572,the legend of zelda: the minish cap
2573,the legend of zelda: the wind waker
2574,the legend of zelda: tri force heroes
2575,the legend of zelda: twilight princess
2576,the legend of zelda: twilight princess hd
2577,the legendary starfy
2578,the lego movie videogame
2579,the lord of the rings online: mines of moria
2580,the lord of the rings: aragorn's quest
2581,the lord of the rings: conquest
2582,the lord of the rings: the battle for middle-earth ii
2583,the lord of the rings: the fellowship of the ring
2584,the lord of the rings: the return of the king
2585,the lord of the rings: the third age
2586,the lord of the rings: the two towers
2587,the lord of the rings: war in the north
2588,the mark of kri
2589,the matrix: path of neo
2590,the movies
2591,the mummy
2592,the mummy returns
2593,the mummy: tomb of the dragon emperor
2594,the munchables
2595,the next big thing
2596,the night of the rabbit
2597,the operative: no one lives forever
2598,the orange box
2599,the order: 1886
2600,the outfit
2601,the polar express
2602,the punisher
2603,the saboteur
2604,the scorpion king: rise of the akkadian
2605,the secret world
2606,the simpsons game
2607,the simpsons skateboarding
2608,the simpsons: hit & run
2609,the simpsons: road rage
2610,the sims
2611,the sims 2
2612,the sims 2: apartment pets
2613,the sims 2: bon voyage
2614,the sims 2: castaway
2615,the sims 2: nightlife
2616,the sims 2: open for business
2617,the sims 2: pets
2618,the sims 3
2619,the sims 3: ambitions
2620,the sims 3: generations
2621,the sims 3: late night expansion pack
2622,the sims 3: world adventures
2623,the sims 4
2624,the sims 4: get together
2625,the sims: hot date
2626,the sims: superstar
2627,the sky crawlers: innocent aces
2628,the spiderwick chronicles
2629,the spongebob squarepants movie
2630,the suffering
2631,the suffering: ties that bind
2632,the talos principle
2633,the technomancer
2634,the terminator: dawn of fate
2635,the testament of sherlock holmes
2636,the thing
2637,the tomb raider trilogy
2638,the urbz: sims in the city
2639,the walking dead: survival instinct
2640,the warriors
2641,the whispered world
2642,the witch and the hundred knight
2643,the witcher
2644,the witcher 2: assassins of kings
2645,the witcher 3: wild hunt
2646,the witcher: enhanced edition
2647,the wizard of oz: beyond the yellow brick road
2648,the wolf among us
2649,the wonderful 101
2650,the world ends with you
2651,theatrhythm final fantasy: curtain call
2652,thief: deadly shadows
2653,this war of mine
2654,thor: god of thunder
2655,thrillville
2656,thrillville: off the rails
2657,tiger woods pga tour 07
2658,tiger woods pga tour 08
2659,tiger woods pga tour 12: the masters
2660,tiger woods pga tour 2004
2661,tiger woods pga tour 2005
2662,tim burton's the nightmare before christmas: oogie's revenge
2663,time and eternity
2664,time crisis 3
2665,time crisis 4
2666,time crisis ii
2667,time crisis: razing storm
2668,time hollow
2669,timesplitters 2
2670,timesplitters: future perfect
2671,titan quest
2672,titanfall
2673,tmnt
2674,tmnt: mutant melee
2675,tna impact!
2676,toejam & earl iii: mission to earth
2677,tokyo jungle
2678,tokyo twilight ghost hunters
2679,tokyo xanadu
2680,tokyo xtreme racer 3
2681,tokyo xtreme racer drift
2682,tom clancy's endwar
2683,tom clancy's ghost recon
2684,tom clancy's ghost recon 2
2685,tom clancy's ghost recon advanced warfighter
2686,tom clancy's ghost recon advanced warfighter 2
2687,tom clancy's ghost recon: future soldier
2688,tom clancy's ghost recon: jungle storm
2689,tom clancy's ghost recon: shadow wars
2690,tom clancy's hawx
2691,tom clancy's hawx 2
2692,tom clancy's rainbow six 3
2693,tom clancy's rainbow six: lockdown
2694,tom clancy's rainbow six: vegas
2695,tom clancy's rainbow six: vegas 2
2696,tom clancy's splinter cell
2697,tom clancy's splinter cell: blacklist
2698,tom clancy's splinter cell: chaos theory
2699,tom clancy's splinter cell: conviction
2700,tom clancy's splinter cell: double agent
2701,tom clancy's splinter cell: pandora tomorrow
2702,tom clancy's the division
2703,tomb raider: anniversary
2704,tomb raider: legend
2705,tomb raider: underworld
2706,tomodachi life
2707,tony hawk's american sk8land
2708,tony hawk's american wasteland
2709,tony hawk's downhill jam
2710,tony hawk's pro skater 2x
2711,tony hawk's pro skater 3
2712,tony hawk's pro skater 4
2713,tony hawk's pro skater 5
2714,tony hawk's project 8
2715,tony hawk's proving ground
2716,tony hawk's underground
2717,tony hawk's underground 2 remix
2718,too human
2719,top spin
2720,top spin 3
2721,top spin 4
2722,torchlight
2723,total overdose: a gunslinger's tale in mexico
2724,total war: attila
2725,total war: rome ii
2726,total war: shogun 2
2727,total war: shogun 2 - fall of the samurai
2728,total war: warhammer
2729,touch detective
2730,touch my katamari
2731,touchmaster
2732,toukiden 2
2733,toy soldiers: war chest
2734,trace memory
2735,trackmania turbo
2736,trackmania: build to race
2737,transformers animated: the game
2738,transformers: dark of the moon
2739,transformers: devastation
2740,transformers: fall of cybertron
2741,trauma center: new blood
2742,trauma center: second opinion
2743,trauma center: under the knife
2744,trauma team
2745,trials fusion
2746,trine
2747,trine 2
2748,trinity universe
2749,trinity: souls of zill o'll
2750,trivial pursuit
2751,tropico 3
2752,tropico 4
2753,tropico 4: modern times
2754,tropico 5
2755,true crime: new york city
2756,true crime: streets of la
2757,turning point: fall of liberty
2758,turok
2759,turok: evolution
2760,twisted metal (2012)
2761,twisted metal: black
2762,twisted metal: small brawl
2763,two worlds
2764,two worlds ii
2765,ty the tasmanian tiger
2766,ty the tasmanian tiger 2: bush rescue
2767,ty the tasmanian tiger 3: night of the quinkan
2768,udraw studio
2769,ufc undisputed 2010
2770,ufc undisputed 3
2771,ultimate ghosts 'n goblins
2772,ultimate marvel vs. capcom 3
2773,ultimate mortal kombat
2774,ultimate nes remix
2775,ultimate spider-man
2776,ultra street fighter iv
2777,unchained blades
2778,uncharted 2: among thieves
2779,uncharted 3: drake's deception
2780,uncharted 4: a thief's end
2781,uncharted: drake's fortune
2782,uncharted: golden abyss
2783,uncharted: the nathan drake collection
2784,undead knights
2785,unit 13
2786,universal studios theme parks adventure
2787,unlimited saga
2788,unreal ii: the awakening
2789,unreal tournament 2003
2790,unreal tournament 2004
2791,unreal tournament iii
2792,untold legends: brotherhood of the blade
2793,untold legends: dark kingdom
2794,urban reign
2795,uru: ages beyond myst
2796,v-rally 3
2797,valhalla knights
2798,valhalla knights 3
2799,valhalla knights: eldar saga
2800,valkyria chronicles
2801,valkyria chronicles ii
2802,valkyrie drive: bhikkhuni
2803,valkyrie profile 2: silmeria
2804,valkyrie profile: covenant of the plume
2805,vampire night
2806,vampire rain
2807,vanishing point
2808,vanquish
2809,velvet assassin
2810,venetica
2811,vexx
2812,viewtiful joe
2813,viewtiful joe 2
2814,viewtiful joe: double trouble!
2815,viewtiful joe: red hot rumble
2816,viking: battle for asgard
2817,virtua fighter 4
2818,virtua fighter 4: evolution
2819,virtua fighter 5 online
2820,virtua tennis
2821,virtua tennis 2009
2822,virtua tennis 3
2823,virtua tennis 4
2824,viva pinata
2825,viva pinata: party animals
2826,viva pinata: trouble in paradise
2827,voodoo vince
2828,wacky races: crash & dash
2829,wallace & gromit in project zoo
2830,wanted: weapons of fate
2831,war for the overworld
2832,war of the monsters
2833,warcraft iii: reign of chaos
2834,warcraft iii: the frozen throne
2835,warhammer online: age of reckoning
2836,warhammer: battle march
2837,warhammer: mark of chaos
2838,warhawk
2839,wario land 4
2840,wario land: shake it!
2841,wario world
2842,wario: master of disguise
2843,warioware d.i.y.
2844,warioware: smooth moves
2845,warioware: twisted!
2846,warriors of might and magic
2847,warriors orochi
2848,warriors orochi 2
2849,warriors orochi 3
2850,warriors: legends of troy
2851,wasteland 2
2852,watch dogs
2853,wave race: blue storm
2854,way of the samurai
2855,way of the samurai 2
2856,way of the samurai 3
2857,way of the samurai 4
2858,we love katamari
2859,we ski
2860,we ski & snowboard
2861,wet
2862,whacked!
2863,where the wild things are
2864,whiplash
2865,white knight chronicles ii
2866,wii fit
2867,wii fit plus
2868,wii fit u
2869,wii music
2870,wii party
2871,wii party u
2872,wii play
2873,wii play: motion
2874,wii sports
2875,wii sports club
2876,wii sports resort
2877,wild arms 3
2878,wild arms 4
2879,wild arms 5
2880,wild arms xf
2881,wild earth: african safari
2882,wildstar
2883,winning eleven: pro evolution soccer 2007
2884,wipeout 2048
2885,wipeout fusion
2886,wipeout hd fury
2887,wipeout pulse
2888,wipeout pure
2889,wizardry: tale of the forsaken land
2890,wolfenstein
2891,wolfenstein 3d
2892,wolfenstein: the new order
2893,wolfenstein: the old blood
2894,world championship poker: deluxe series
2895,world in conflict
2896,world of goo
2897,world of tanks
2898,world of warcraft
2899,world of warcraft: cataclysm
2900,world of warcraft: legion
2901,world of warcraft: mists of pandaria
2902,world of warcraft: the burning crusade
2903,world of warcraft: warlords of draenor
2904,world of warcraft: wrath of the lich king
2905,world soccer winning eleven 7 international
2906,world soccer winning eleven 8 international
2907,world soccer winning eleven 9
2908,worldwide soccer manager 2009
2909,worms 3d
2910,worms 4: mayhem
2911,worms blast
2912,worms world party
2913,worms: a space oddity
2914,worms: open warfare
2915,worms: open warfare 2
2916,wrc: fia world rally championship
2917,wrc: world rally championship
2918,wwe '12
2919,wwe '13
2920,wwe 2k14
2921,wwe 2k15
2922,wwe 2k16
2923,wwe all stars
2924,wwe crush hour
2925,wwe day of reckoning
2926,wwe day of reckoning 2
2927,wwe raw 2
2928,wwe road to wrestlemania x8
2929,wwe smackdown vs. raw 2007
2930,wwe smackdown vs. raw 2009
2931,wwe smackdown vs. raw 2010
2932,wwe smackdown vs. raw 2011
2933,wwe smackdown! here comes the pain
2934,wwe smackdown! shut your mouth
2935,wwe smackdown! vs. raw
2936,wwe smackdown! vs. raw 2006
2937,wwe wrestlemania 21
2938,wwe wrestlemania x8
2939,wwe wrestlemania xix
2940,wwf smackdown! just bring it
2941,wwii aces
2942,x rebirth
2943,x-blades
2944,x-men legends
2945,x-men legends ii: rise of apocalypse
2946,x-men origins: wolverine
2947,x-men: destiny
2948,x-men: mutant academy 2
2949,x-men: next dimension
2950,x-men: reign of apocalypse
2951,x-men: the official game
2952,x2: wolverine's revenge
2953,x3: terran conflict
2954,xcom 2
2955,xcom: enemy unknown
2956,xenoblade chronicles
2957,xenoblade chronicles x
2958,xenosaga episode i: der wille zur macht
2959,xenosaga episode iii: also sprach zarathustra
2960,xgiii: extreme g racing
2961,xgra: extreme g racing association
2962,xiaolin showdown
2963,xiii
2964,yaiba: ninja gaiden z
2965,yakuza
2966,yakuza 2
2967,yakuza 3
2968,yakuza 4
2969,yakuza 5
2970,yakuza kiwami
2971,yakuza: dead souls
2972,yggdra union: we'll never fight alone
2973,yoshi topsy-turvy
2974,yoshi touch & go
2975,yoshi's island ds
2976,yoshi's new island
2977,yoshi's woolly world
2978,ys seven
2979,ys viii: lacrimosa of dana
2980,ys: memories of celceta
2981,ys: the ark of napishtim
2982,ys: the oath in felghana
2983,yu yu hakusho: dark tournament
2984,yu-gi-oh! capsule monster coliseum
2985,yu-gi-oh! dungeon dice monsters
2986,yu-gi-oh! reshef of destruction
2987,yu-gi-oh! the dawn of destiny
2988,yu-gi-oh! the duelists of the roses
2989,yu-gi-oh! the falsebound kingdom
2990,yu-gi-oh! the sacred cards
2991,yu-gi-oh! world championship tournament 2004
2992,zack & wiki: quest for barbaros' treasure
2993,zatch bell! mamodo battles
2994,zero escape: zero time dilemma
2995,zombie army trilogy
2996,zombiu
2997,zone of the enders
2998,zone of the enders hd collection
2999,zone of the enders: the 2nd runner
3000,zoo tycoon 2
3001,zubo
