UserID,username
1,-JustRamZero-
2,00-z3N
3,13freedom13
4,13runo2003
5,14lalo
6,15963574258
7,19-Mar
8,1E+12
9,1am4critic
10,1ndastreal
11,21Park
12,22446688Bb
13,2453
14,26thgamer
15,2Barrels
16,2I2l1a
17,2KRICHKID
18,2bitplayss
19,2ksnipefest
20,2ndchild
21,3.43434E+14
22,32Bit
23,346
24,34m2121
25,360barrier
26,360gamer8302
27,3DS-GUEST
28,3dreviews
29,40mangunshot
30,4DI
31,4Nick3
32,4myyral
33,5hassay
34,6Ookami
35,6xdandangp
36,75978
37,78ed5
38,7dogguy
39,7marin
40,7ucky
41,8tonystark8
42,9854
43,9r33n
44,A1yren
45,ADIL
46,ADobbo
47,AFalseTruth
48,AGrimHobo1242
49,AJCk19
50,AK_47Killer7
51,AKthaBeast
52,ALBERELVIS
53,ALFONZ
54,ALKWSZYZ
55,AMBO
56,AMMANN7
57,AMasterpieceFan
58,AMerryMartian
59,AModernMyth
60,ANTtheKNEEEE
61,AOTfan123
62,APolChrome
63,ARROWNO1
64,ASGaming21
65,AV-
66,AWG
67,A_TurkishUser
68,AaronB
69,Aarush
70,AasemMohamed
71,AbRah-3101
72,Abascal
73,Abcx32
74,Abdelrahman55
75,Abdoudevil
76,Abduailh
77,Abdur86-245
78,AbeFiletti
79,AbeMC
80,Aberzanzorax
81,AbhayD
82,Abhaygamin2002
83,AbhinavDasiga
84,Abood828
85,Abrill
86,AbstractCaesar
87,Abstractpurpose
88,AceOfCraft
89,AcePowney
90,AceStonewall
91,AcerQuantum
92,Achilleslastand
93,AchtArmAs
94,Ackyduck
95,Acrizz
96,ActuallyAmDolan
97,Adam201028
98,AdamAFD
99,AdamDuester
100,AdamM88
101,AdamReid
102,Adamdust
103,Adasc2906
104,Add1cted
105,Addeyry
106,Adom999
107,Adrianf84
108,Adryan_999x
109,Aedman
110,Aedra
111,AenimaD
112,Aeolian
113,Aeryx
114,Aetha
115,Agamer19
116,Agarwel
117,AgentLvi
118,AgentPoLo
119,Ahahah156
120,Ahazy
121,AhmadAlsumain
122,AhmayVee
123,Ahmed_Alwazir
124,AhoyNut
125,AidanUzuki
126,AidenDemon
127,Aircus
128,AkVoN
129,AkashK
130,Akiba48
131,Al3xzera
132,Al_Khampis
133,AlanBR1998
134,AlanJay
135,Alb27grx
136,Albeirito
137,AlbertPl
138,AlbusDlx
139,AldoRaggi
140,AleDJandro
141,AleRegina
142,Alentejano
143,Alessadnro
144,Alex12370
145,AlexFili
146,AlexGaming
147,AlexJohn2000
148,AlexKVideos1
149,AlexOfAstora
150,AlexPlumon
151,AlexR
152,Alex_Evan
153,Alex_Ozzy008
154,Alex_Pilgrim008
155,Alex_Suckz
156,Alexander90
157,AlexanderVallin
158,Alexcritic24
159,AlexeyAleshin
160,AlexeySoltan
161,AlexvaderII
162,Alexwise
163,AlfredoGomes
164,Ali1983
165,AliKhorsnd
166,AliRo
167,Alias--
168,AlienSpaceBats
169,AlienVenom
170,Alirezakratos
171,Alirezza
172,Alledman
173,Allsaints112
174,Allu23
175,Alluminn
176,Alpha-Six
177,AlphaBomb
178,AlphaLlama
179,AltMetal
180,AlterWalrus
181,AltumSilentium
182,Alufear
183,Aluk
184,Alumin88
185,AlvaroK95
186,AlvaroMx02
187,Alvelian
188,Alvid
189,Alvokun
190,AmACheeseburger
191,AmazingKnight
192,Amberdragon
193,Amberleh
194,Ameer-x
195,AmethystWoe
196,Amigian
197,Amiko_Novich
198,Amir7scorpioN
199,AmirHesamG
200,AmirShady003
201,Amirhosein2005
202,Amora
203,Amorph0us
204,AmyRoses
205,Anatoliy_DeVile
206,Anchovies13782
207,AncientSting
208,Andjelico
209,AndreJFB
210,AndreiKiller98
211,Andres_F2007
212,Andrew_Paterson
213,Andrexhi
214,Andy552
215,AndyClimax
216,AndyInfin
217,Andywandy
218,Angel2328
219,AngelMiami
220,Angelfuk83
221,Angelicamb
222,AngeloTipper
223,AngryApplePie
224,AngryEddy
225,AngryGamer34
226,AngryGeek
227,AngryJoesnum1Fa
228,AnimeUnknown
229,AnnoyedatThis
230,Annoying_goose
231,Annoymous1
232,AnonXD
233,Anonime
234,Anonimo0174
235,AnotherSociety
236,Anthoni76
237,Antic_Master
238,AntiqueGull
239,Antohadance
240,Antonio1998
241,AntonioLettino
242,AntonioNeftaliJ
243,AntonioSantos
244,AnyMEmdq
245,Anyway8
246,Aodecim
247,Aovonssan
248,Aozz101x
249,ApocalypseBrown
250,Appledream
251,Aquilonem
252,ArMoRofGOD
253,Aragamil
254,Arashk13
255,Arc_Inochi
256,Arcee7321
257,ArchonSaar
258,Archvile-UT
259,ArcticTundra
260,ArdentSlacker
261,ArdhazzGamer
262,Ardho
263,AreYouSerious
264,ArekSuzme
265,ArelGames
266,Arfuirl
267,Arianamiri___
268,AriseAndBe
269,Arkan01d
270,ArkonBlade
271,Arm0rmaster
272,ArmashOnCritics
273,Armnexian
274,Arngrim560
275,ArrowValley
276,Arseniy18
277,Art2020
278,ArthanNarronish
279,Arthur123
280,Artoorzyn
281,ArwingDude64
282,ArxadeBugQueen
283,Arya977
284,AsboXFlemzo
285,Asellas
286,Asgerew
287,AshBlaze
288,Asheric
289,Ashra12
290,Ashtar124
291,Asonic3582
292,Asp_klg40
293,Aspect2568
294,Asporkan
295,Aspromixy
296,AsseONE
297,Aston
298,Astronauta10
299,AsymetricForce
300,Ataq
301,Ateam043
302,Athomeonarock
303,Atlink
304,AtomosFabian
305,Attis48
306,Atyne
307,Audiostoned
308,AuditorD
309,Aung22
310,AuraFail
311,Austin117
312,AutumnReviewer
313,Avadon
314,Avalord
315,AvantGuardian
316,Ave-Nar
317,Avenged13
318,Aver_5
319,Avey123Avey
320,AvxrageJoe
321,Awanka
322,Awesomegamer7
323,AwkwardTurtle42
324,Axebrossia
325,Axilley
326,Axxypie
327,Ayreon2084
328,Az_Zavahiri
329,AzathothWakesUp
330,AzimTheBlack
331,Azrael488
332,B-Bog
333,B00tador
334,B0ssReviews
335,B30
336,B387pp1
337,B3L4
338,BADGUYSKI
339,BAG-GOMEZ
340,BIELZ1N
341,BIGRIGSISGOATED
342,BL4D3M45TR
343,BM30
344,BM838
345,BMK
346,BSim500
347,BStheBOBI
348,BULLET1
349,BV-Swifty
350,BVGNOfficial
351,Babalee
352,Babutto
353,BackToTheTruth
354,BadAnimal
355,BadAsCanSanta
356,BadGame3
357,Badr90s
358,Badv
359,BagginsReviews
360,Bahia8000
361,Bahlemar
362,BajanMaster
363,BakaGamer
364,Bakoluk
365,Bakougak
366,Balazs360
367,BalintSz
368,Balloondred118
369,Balorer
370,Baltifru
371,BambiRue
372,BananaLuiz
373,BananaReviews
374,Bananabound
375,Bananas
376,Bananastik
377,Banhammer0
378,BannerSiamang15
379,BaphometX
380,Barbaro
381,Barby
382,Barlomi
383,Barnes1987
384,BaronMonaco
385,BaronRobert
386,Baronavitch
387,BartoloKM
388,Basdiamond
389,Basem101
390,BasilZero
391,Basquilly
392,BastiNekoKawaii
393,BastianCL
394,BatFat09
395,BatmanBuster
396,BatmanGuy1
397,BatmanRising
398,BatmanTheNr1
399,Batmandude46
400,Battletoad
401,Baub
402,Bayu6261
403,BazCN
404,BaziBaz
405,Bbplayer
406,BeSSo0
407,Beans101
408,Beastmaster69
409,Beastmode650
410,Beastprogamer
411,Beater
412,BeatzGaming
413,BeauTheXboxPro
414,BeaverCritic
415,BeboFett
416,BeeSting1
417,BeepBoopMan
418,Beermonger7
419,Befguu
420,BeggarSoldier
421,Behindiist
422,BellaMetallicA
423,Bellicose
424,Ben-Ben
425,Ben-the-dog
426,BenGamer
427,BenHazelden
428,Bene_Gesserit
429,BenjamiNook
430,Benji_Nottz
431,Benlet
432,BenzoSt
433,Beret
434,Berglynt
435,Berik
436,Berony_
437,BestSametr
438,BethesdaJimRyan
439,Bethrewhy
440,BetterNick
441,BgSilva98
442,Bheg
443,BiagioBrando
444,BichaPinga
445,BigBoyYZ125
446,BigDave
447,BigEvilSquirrel
448,BigJ69
449,BigManReviewer
450,BigRieg
451,BigYeedus
452,Big_Bear
453,Big_Ravioli
454,BiggestFurret
455,Biglad7ft2
456,Bigredd77
457,Bigwillyhaver69
458,Bikot
459,Billy0333
460,Bimmy_Time
461,Binkleberry
462,BioShip0706
463,Bipolarnemesis
464,Birdmaster11
465,Bixent
466,Bjorn77
467,BlackAkatosh
468,BlackCast
469,BlackWidow
470,Blackdevils696
471,BladeRowin
472,BladeStrike
473,BlakDak666
474,Blakenator
475,BlakkSteel
476,Blanche
477,BlascoDomingo
478,BlaskoHP
479,Blazefire96
480,BlazingTiamat
481,BleedingJester
482,Bleeding_Jester
483,Blenderhead
484,BlitZeR_95
485,BlizzRobin
486,BlogDog123
487,Bloodnes
488,BlueKetsueki
489,BlueRose
490,BlueSpeed
491,BlueThunderfan
492,Blue_Affinity
493,Bluebird0713
494,Blueblurstudios
495,Blugg44
496,Blusonic16
497,Blyzzard
498,BoardFlagV2
499,Bob20183
500,BobCat51
501,BobRichardsin
502,BobbyDoogle
503,Bobr_c_kvasom
504,Bojangles
505,Bokxie
506,Bolter
507,Boltfrowah
508,BoltzmannBaby
509,Bombleswizzum
510,Bone-Thugs
511,Bone_Lich
512,Bonedaddy
513,BoneyMfan
514,Bonjes
515,Boorat
516,BorderlandsMan
517,Borderlinez
518,Borfus
519,Borg
520,Borgnis
521,Borgoros
522,BorisThe_Spider
523,Borschkovski
524,Bosso67
525,Botrothsuto
526,Bottlecaps
527,Botwisbestgame
528,Boumouse
529,Bowber
530,BoxKing
531,Boysle
532,BqkRengiTuvalet
533,BradMorgan
534,Braders790
535,Bradyboy12
536,Bradyherbst7
537,Brainstorm123
538,BrandoNation23
539,BrandonNel2307
540,Brandon_Harris
541,Branic
542,BravoOne
543,BrawndoQC
544,Braymine
545,Brbreview
546,Brc123
547,Breikzer
548,BrettZebre
549,BrianDavid94
550,Brian_Williams
551,Bribarian
552,Brillcs
553,Bringo69
554,BritMboh
555,Britmatt81
556,Brodieman182
557,Broip_Officiel
558,Brosman
559,Brownie_Takeshi
560,Broyax
561,Brumbek
562,Bruninho1997
563,Brute1995
564,Bruterake
565,Bruto1Maximo
566,BryanSartori
567,Bubsy3D
568,BudMan11
569,Budget_Security
570,Buetboss
571,Bulba2555
572,Bulldozer
573,Bulletlol
574,BunnyBraixen
575,Bunnyhoppy
576,Burdo24
577,BurgerBum4892
578,BurlapSin
579,Burzyk
580,Bushido95
581,Bushido_DZ95
582,BusyBusyPanda
583,Butinho
584,ButtAss
585,Bynr
586,Bynski
587,C3realkillah
588,C4NAB1Sx
589,CAPMANGO
590,CAPorcupine
591,CB186
592,CBZ
593,CDXX
594,CHEESEDBEEF
595,CHINESE_TIGER
596,CM1Artist
597,COTOR
598,CPD98
599,CTR8008
600,CW55
601,CWCgamer
602,C_Evans6710
603,Ca55
604,Cable3
605,Cacahuate4000xd
606,Cactus
607,Caerleon
608,Cafe_8bits
609,Caffe
610,Cagekkennelz
611,CainGaming
612,Caio_arp
613,Cakiws
614,CalSimons138
615,Calciferus
616,Caldan
617,Calebd2
618,Calibur-X
619,CallOfGaming
620,CallOfTheMoose
621,Callyrallycally
622,Calrizzy
623,CalvinTheBozo
624,Camparini
625,CamyVero
626,CanaMavrickTwo
627,CancerEnhancer
628,Candidustigris
629,CanyonsGaming
630,CapedBat
631,Capi808
632,CaptainAwesomer
633,CaptainCharisma
634,CaptainScrubby
635,Captain_Chaos
636,Captain_Faramir
637,Captiosus
638,Capulingo
639,CaraBurro22
640,Caracaveinossa
641,CardinalStorm
642,Caretakerz
643,Carikeo2
644,Carlitoxic
645,Carlosdovaral
646,Carloss1997
647,Caroldaxotagran
648,Carresco
649,CarsonRGB
650,Cash64
651,CasperWenneke
652,Castas
653,Caste
654,Castian
655,CastleFox
656,Catchyzin
657,Catlin
658,CausticMisery
659,CaveJohnson
660,CavyMomma
661,CenkAlp
662,Centurionn98
663,Cerberus0
664,CesON10
665,Cgon
666,Ch33syCh1ck3n
667,Chababa
668,ChaiPupp
669,Chammy
670,Chance1997
671,Chaosraiden
672,Chapa9dj
673,CharlesDuchemin
674,Charllize
675,CharlotteBelmon
676,Charlytaquitos
677,CharonIV
678,Chase_Omega
679,Checkermelon
680,CheeseLord
681,CheeseSteakJim
682,Cheezemaniac
683,Chemiker
684,Chempion1
685,Cherryxld
686,ChesterField
687,ChiIIaoi
688,Chillaoi
689,Chilza381
690,Chimes003
691,Chipo90
692,Chirritox
693,ChiyoChan
694,Chocomoji
695,ChoicestGames
696,Chopper0821
697,Chowjust
698,Chris182
699,Chris5667
700,ChrisMC36SSR
701,ChrisMuller1992
702,ChrisPL
703,Chris_DK
704,Chriscalton
705,Chuckpty
706,ChunkyLover82
707,Ciao5
708,CinniRoll
709,Ciocolici
710,CitySpellsword
711,Civi4Ever
712,Cjmolina007
713,ClMick
714,Clagall
715,ClamBuster
716,ClancyCheemsSir
717,Clarkr13
718,ClassicRPM
719,Clawson_Strikke
720,CleanDogz
721,ClipState
722,Cloaked
723,Clockwerk24
724,CloudKoF
725,CloudStrife05
726,Cmcolin
727,Cmmcfreire
728,CoKronakan
729,CoachEnjoyjer69
730,Coachdepressao2
731,CodaHensley
732,CodeDuff
733,CodinomeCassius
734,CoffeeGuy22
735,ColdHardTruth
736,ColeEngo
737,Colin_M
738,Colorz_100
739,Combatking42
740,CombustibLemons
741,Combustive
742,Compi24
743,Complainer
744,ComradVlad
745,CondeDarkII
746,Conjack
747,ConnKon
748,Connor7738
749,ConsoleArgonaut
750,Controversial27
751,Coolleo07
752,Coramcrash
753,Corben101
754,Cordova
755,CoreGamer1408
756,Coreyhardie
757,Corrin_Flakes
758,CorruptedSoul
759,CorsairReviews
760,Cortelia
761,CortoPunzante
762,Corvus_Mellori
763,Cosmokeeper
764,Covarrubias
765,CowBear
766,CowMan
767,Cptkovacs
768,Craig-Diamond
769,Crashloxx
770,CrazyCoolDude
771,Crazy_06
772,Crazyfuel
773,Crazygame
774,CreamyRootBeer
775,Creawen
776,Cree26
777,Creevildead
778,Crext
779,Crimert
780,Crimson9
781,Crimsonec
782,CrispCicada
783,CrispyKittens
784,Cristiano_Lin
785,Criti-Wise
786,CritialMass
787,CriticAlways
788,CriticFIN
789,Critical-Hit
790,CritikalShit10
791,Criz-MiLo
792,Crocco
793,Crondog
794,CrossoverMovie2
795,CrossxBones
796,Crowolff
797,Cruciatus
798,Crulie
799,Crus88
800,CrusaderForever
801,CrusherTM
802,CrushinMangos
803,Csl5128
804,Csn69
805,CthylIa
806,CuDeBosta
807,Cudds
808,CurlyJ49
809,CutLunch
810,Cyberpunk4
811,Cyborg_TDRK
812,Cybotico
813,Cyph
814,Cz3rw0ny
815,CzechTea
816,Czeska
817,D484
818,DAV_2-0
819,DAz_dingoose
820,DBExperStyle
821,DE4DFELIX
822,DEFILpp
823,DGDrocks7
824,DGS14
825,DJ248
826,DJAtomika
827,DJukor
828,DKurac
829,DME
830,DMTesla666
831,DONTBLAMEMEM8
832,DOOM1992
833,DPP1987
834,DPlayer4GMS
835,DRDy3
836,DREAMWEB
837,DRplayer
838,DSooHoo
839,DSouls_guy
840,DUoXsKiLLz
841,DVD_SM
842,DWlubu1998
843,DaGallade09
844,DaJohnnyU
845,DaXenman
846,Dabid
847,Dagaren
848,Daggerrim
849,DailySalesman
850,Dal_ReviewedDat
851,Dalaron
852,Dalayostheking
853,Dallange2point0
854,DamnedThing
855,Damojis
856,Damullet95
857,DanMaximo
858,DanRod
859,DanWiiDSWiiU3DS
860,Danbliz
861,DaneVogel
862,Dangerbunny
863,DangerousButler
864,DanichevOff
865,Daniel1516
866,DanielDanks420
867,DanielGG91
868,Daniel_N
869,Danielife02
870,Danil_ey
871,Dannior
872,Dannybeatzmusic
873,Dannyboy31805
874,Dante2010
875,DanteDMC13
876,DanteGodfather7
877,DanteTheCynic
878,DanySK
879,Daoxin
880,DarCbrGr
881,DariaRPG
882,DarioKalen
883,DarkDragonEye7
884,DarkEnergon
885,DarkGaia123
886,DarkKnightG4
887,DarkMadison
888,DarkMaxax
889,DarkOblivion
890,DarkRecon
891,DarkRing
892,DarkWolf1991
893,DarkYoshi19
894,Dark_Souza
895,Dark_wizzie
896,Darke
897,Darken
898,DarkenForge
899,DarkerSonic06
900,Darkin20
901,DarknessDudeTOB
902,Darksamus
903,Darksoma
904,Darkspawn677
905,Darkwing
906,DarkwingSchmuck
907,Darormor
908,DarrenMacNally
909,DarrionVale
910,Darth24
911,DarthSidious63
912,Dartza
913,DarwinMC99
914,DasBaronne
915,Dash3717
916,DatGamingCritic
917,DatJazzMan
918,Dauntless07
919,DaveNPC
920,Davesin
921,Daviator
922,David1996
923,David_Breaker
924,David_Morgan
925,Davidesol
926,Davidnotavailab
927,Davidscj
928,DaweHolzer
929,Daweeed
930,Daxamon
931,Daze072401
932,Dbosko
933,Dcglide
934,Dco326
935,Dcruize
936,De-
937,DePlexx
938,Deaden84
939,DeadmansVariety
940,Deadrift666
941,DeathBrushing
942,DeathByABanana
943,DeathKillerNOR
944,DeathMtnDew
945,DeathShroom2807
946,Decemuladores
947,Deceptor
948,DectorEy
949,Deezie313
950,Defen
951,Defenestrator
952,Deimeral1
953,Deiwidas4
954,DelTorro
955,Delen0s
956,Delta_Assault
957,DemiGoth
958,Demikly
959,Demiurge11
960,Demon2017
961,DemonWithin
962,Demon_Slayer1
963,Demondan4587
964,DemonicRobots
965,Demonik420
966,Denderotto
967,DenisBerger
968,DenisTheNerd
969,Denitmo
970,Denizarda
971,Denvers
972,Deodato
973,DerekAtHome
974,DerekSCritic
975,DerfLK
976,Derf_Xephon
977,DerpChest100
978,DesireMercy
979,Desterre
980,DestinedFuture
981,Destructo
982,Dethstar
983,DeusXCom
984,Deusex
985,Devastator1988
986,Devilful
987,Dewom
988,Dex9
989,Dezuuu
990,Diaboliste
991,Diatretarius
992,Didacticus
993,Diddletron
994,DiegoCM
995,DiegoEnriqueF
996,DiegoSilva_BRGO
997,Diegochocho
998,Diegomaycry666
999,Difriend
1000,DiggaNob
1001,DigitalReview
1002,Dimocracy
1003,DimosZargarda
1004,Dinerofresco
1005,DinoBeam
1006,DiogoOliveira
1007,Dionysus777
1008,DirtShart
1009,DiscoDiva
1010,Displayer
1011,DistH
1012,DivineFaith
1013,DivingDW
1014,Divyanshu
1015,DjNemes1s
1016,DjNinjaRj
1017,Dmodius
1018,DobroBiboran_
1019,DoctorMojica
1020,Doelago
1021,Dolganar
1022,DolphinReviews
1023,Dom007
1024,Domdom21br
1025,Dominic_Reviews
1026,DominikCZE
1027,Domisotto
1028,Donelwero
1029,DontBeAJinx
1030,Donut_Doggo
1031,Doom_ak
1032,Doomlord52
1033,Dorian
1034,Dormarth
1035,Dottem
1036,DouchebagUncle
1037,Doug432hz
1038,DoughBoii
1039,Douglasbentes
1040,Dozmo
1041,Dperks
1042,Dr-Gato-Mars
1043,DrAMaximus
1044,DrBeatsPhD
1045,DrBrogbo
1046,DrOmni
1047,Dr_Tyler
1048,DragonBorn-
1049,DragonRedDawn
1050,Dragonfly44
1051,Dragonlord5235
1052,Drain
1053,DrakeFancy
1054,Drangleic
1055,DrawidsAR
1056,DreamBreaker
1057,DreamEaglr
1058,DreamerTG
1059,Dreamth1ef
1060,Dreamwarden
1061,Drex31
1062,Drezzien
1063,DrifterKid
1064,Drink_Waater
1065,DroP90
1066,Dron_Art
1067,DrugsMeazureTim
1068,Dsims37
1069,Dsoy
1070,Dsros96
1071,Dssolova
1072,DualRadius
1073,DubbThang
1074,Dubinception
1075,DubsGamer
1076,Duckers_McQuack
1077,Dude32116
1078,DudeFromIceland
1079,Duderoth
1080,Dukay66
1081,Duke-Nukem
1082,DukeJon
1083,Duke_Nukem
1084,Dunge
1085,Dungeon00X
1086,Dunkaccino
1087,DunleerUK
1088,Dunocat639YT
1089,Duskspark
1090,Dwalk27
1091,Dxbrxyz
1092,DyAi
1093,Dyarkulus
1094,Dylan707
1095,DylanC
1096,Dylanmc12
1097,DylansDungeon
1098,Dyldom
1099,Dynel
1100,Dziki213
1101,DzmitryBoston
1102,Dzusch
1103,E102Gamma
1104,ECB19
1105,ECPatterson
1106,EFYevan
1107,ELIASOT
1108,ELITESKULL
1109,EMG
1110,ENZOVIEWS
1111,EQOAnostalgia
1112,ERB
1113,ESS180
1114,EXLR
1115,Ears14U
1116,EastonReviews
1117,EasyGamerBoi
1118,EasymirSK
1119,Eatt
1120,EazzeE90
1121,Ebelon
1122,Ebip
1123,Ecchilord1
1124,EclipseEx
1125,Ecto1
1126,Ed4
1127,Edco0328
1128,Eddard
1129,EdgarChikara
1130,Edorb1426YT
1131,Eduego
1132,EdwardElric6281
1133,EdwardFX
1134,EdwardG
1135,Edward_Elric
1136,EdwardsAtoms
1137,Edyward
1138,Eezku
1139,Effin_Toffe
1140,EgoCity
1141,Egopez
1142,Egorka2007
1143,Eikast
1144,EinsteinPlay
1145,Eissa1996
1146,Eithi007
1147,Eizqarqash
1148,Ejameson5
1149,Ekaton
1150,ElCaptain
1151,El_Burrito
1152,Elcranio92
1153,Eldonheart
1154,ElectroNick
1155,Eleftherios1992
1156,ElemWiz
1157,Elfacha
1158,Eliador100
1159,Elite_Soldier
1160,Elivelto
1161,Elixx
1162,ElizA89
1163,ElleryHQ
1164,ElliottHeutel
1165,Elred767
1166,Elrobahermanas
1167,EluYs
1168,Elucidate
1169,EmiRTM
1170,Emilh
1171,EmilyV
1172,Eminem_is_GRAY
1173,EmirhanSahin
1174,EmiyaArcher
1175,Emmy69
1176,Emperator_444
1177,Empyrea
1178,Encore22
1179,Endrance_sama
1180,Enforcer122
1181,Engineer1
1182,Enigma_Dz
1183,Enigmista
1184,EnjoiIsGood
1185,Entagonist
1186,Eny2505
1187,EpicLadySponge
1188,EpicMickey
1189,EpicNintendoFan
1190,EpicPoo
1191,EpicTheJet
1192,Epicmonster5600
1193,Epicnes23
1194,Epicsucks
1195,Epik_Ninnja
1196,EptaEpt
1197,ErayTellezi
1198,Erdium
1199,EricDG
1200,Erikons777
1201,Eristic
1202,ErixKing
1203,Ernest_Figueroa
1204,Ernste
1205,Erosion
1206,Ervinquiroz
1207,EsatAli
1208,EscobarTabib
1209,Estro
1210,Eternal1710
1211,EthanParmet
1212,Etheirys
1213,EurosauRuss
1214,EvBall28
1215,EvaM
1216,Evanderson
1217,Evenstar_TV
1218,Everonfan
1219,EvilPlayer
1220,Evil_MC
1221,EvillivE
1222,Evseev
1223,EwokSmuggler
1224,Exceon
1225,ExelHD
1226,ExpertMando
1227,Exsmd
1228,Exterium
1229,EymeNION123
1230,Ez1459
1231,EzzOmen
1232,F-22Raptor
1233,F1_is_WWE
1234,F3L1P3V5t0y0t4
1235,F3T1W
1236,F4t3d
1237,FB242
1238,FEARme
1239,FGM
1240,FNaF
1241,FRIST_008
1242,FTM
1243,FabioLV
1244,Fabrich
1245,Fadomas
1246,FairReview
1247,FaizanDag
1248,Fallconex
1249,FallingRunner
1250,FaloRoy
1251,Familyguyfan64
1252,FanAtreus-Drake
1253,Fancy012
1254,Fany000
1255,Farkran
1256,FarmYard_Gaming
1257,FastTriton
1258,FatalErrorSyst
1259,FatherDoom
1260,Fatryon
1261,FearGBA
1262,Fedelca
1263,FeelStar
1264,FeerFrikazus
1265,FefeDoppio
1266,Fein45663
1267,Feisy
1268,Felipeuser12
1269,FelleBanan_ygsr
1270,Feprogamer47
1271,Ferd
1272,FernandoCabron
1273,Feysbook
1274,FhmFamine
1275,FidelGastro
1276,FifthWheel
1277,FiftyEightDK
1278,FighterBro
1279,Figster512
1280,FilemonBR
1281,Filmanwalt
1282,FinalLee721
1283,FinnWolfey
1284,FionanMurphy
1285,FireBroFilms
1286,Fire_Charizard
1287,FirstSpawn
1288,Fishymew
1289,Fitofabian14
1290,Flames
1291,FlareZero
1292,Flashyboy89
1293,Flavioguercio
1294,Fliff
1295,Flippedpotato
1296,Floozotoni
1297,FloralReverie
1298,Flubberdubbert
1299,Flurberman
1300,Flynny1655
1301,Fnj12345
1302,Focaccia
1303,Folmer
1304,Folstar
1305,ForeignWhisper
1306,Forg
1307,Fork_knife6969
1308,FormerHuman
1309,Formula3
1310,Fortysixter_UK
1311,FossArchangel
1312,Fourheadedgoat
1313,Fox-Adams
1314,Fox45
1315,FoxCritic
1316,FoxRay
1317,Foxpaw
1318,Fozastuta
1319,Fragasnap
1320,Fraincs
1321,Fran23200
1322,Francisalex
1323,FranciscoM
1324,Franco96
1325,FrankCreeper
1326,Frast2013X
1327,Freddo222
1328,FreeRPGer
1329,FreedomFighters
1330,Freez
1331,FreezingProgram
1332,FrenchToast
1333,Fresh_prince_RJ
1334,Freshno
1335,FriedConsole
1336,FriezaTr0LLz
1337,Frogger
1338,Frostishyper
1339,Frosty1979
1340,FrozenDave
1341,Frozkadur
1342,FrpMan
1343,Fuccc
1344,Fudgeberry
1345,Fudman
1346,Fukall
1347,FulSector
1348,Funder
1349,Funkin_Musician
1350,Funksatron
1351,FunkyBoi
1352,Fusibile
1353,Fuzzboy
1354,Fxplayer
1355,G4M3R_N0ST4LG14
1356,GAMEOF2134
1357,GDsReviews
1358,GGattsu
1359,GJ3
1360,GJRL
1361,GPReS
1362,GRANITsalvo
1363,GREW50ME
1364,GSTVCF
1365,GUMHORSE936
1366,GVB
1367,GabOSv2
1368,GabePhoenix
1369,Gaboagustin
1370,Gabrib
1371,Gabry85
1372,Gades
1373,Gadppy
1374,GagaForGhibli
1375,Gakell
1376,GalaxyGlyder
1377,Galebazz
1378,Gallbond
1379,Galloux89
1380,GamErin8622
1381,GamNexBiad
1382,GameBuster
1383,GameCompleters
1384,GameCritque
1385,GameDudeGuy
1386,GameEnjoyer33
1387,GameHillZone
1388,GameJoin
1389,GameMan2005
1390,GameRater0000
1391,GameTank
1392,Game_Row
1393,Gameboy666r
1394,GamecubeLover
1395,Gameinsider98
1396,Gamepro3093
1397,Gamer-critic
1398,Gamer44
1399,Gamer64
1400,Gamer80
1401,GamerKuti
1402,GamerMonkey121
1403,GamerNick
1404,GamerStream
1405,Gamerboi12
1406,Gamerboi123
1407,Gamercritic777
1408,Gamerdude05
1409,GamergodsFail
1410,Gamerguy45465
1411,Gamerjolt90
1412,GamersNational
1413,Gamersnews32
1414,Gamersson
1415,GamesArtist
1416,GamesTranslator
1417,GamesXtreme
1418,GameyMind
1419,Gaming4Jesus
1420,GamingDrake
1421,GamingSince2600
1422,GamingTreeHouse
1423,Gaming_Bear
1424,Garedbi69
1425,Gareque
1426,Garfoodle
1427,Garian
1428,GaryTanner
1429,Garybaldo
1430,Gastel71
1431,Gato-Alpha
1432,GatoTacos
1433,Gaviao2010
1434,Gaz
1435,GearWakeford809
1436,Geekson
1437,Geektamer
1438,Gekyll
1439,Genek13
1440,GeneralGonzo
1441,GenerationPixel
1442,Genesis443
1443,Genezi
1444,GenuineBruv2021
1445,GenuineDelight
1446,GeoKaiser
1447,Geoff_R
1448,Geologist
1449,Geralt123
1450,Gerdo
1451,Gerivaz
1452,Gero357
1453,GetBreadDuck
1454,GetTheJojDone
1455,Gettroo
1456,Ghhuujj
1457,Ghonf
1458,GhostFaceGR
1459,GhostKill
1460,Ghoster
1461,GhostlyMenace
1462,Giann96
1463,Giero
1464,GigiProiettili
1465,Gilchristion
1466,Gilgamesh
1467,Gilgamesh_Asp
1468,Gimure
1469,Gingerly_Ginger
1470,GiveMeUrBells
1471,Gizmo19
1472,Glabgulabgulab
1473,Glaice
1474,Glavas89
1475,Glazy
1476,GlennMan
1477,Gliphy
1478,Gloone
1479,Gman117
1480,Gman369
1481,GmoBarrientos
1482,Gnawer
1483,GneticSuprFreak
1484,GoDLeSS1
1485,GoGoActionTeam
1486,GoHawks31
1487,GoSic5
1488,GodBleeder
1489,GodlikeWombat
1490,Godudu
1491,Goku6942
1492,GoldenEye16
1493,GoldenRock
1494,GolfingMenace
1495,Golgotai
1496,GolovA
1497,Gonmordor
1498,Gonyaestaba
1499,GoodInternet
1500,GoodMorningAss
1501,Goodopinion
1502,GoomGramps
1503,GoombaJMR
1504,Goombaofdeath
1505,Goorman1996
1506,GoosemanGamer
1507,Goppfather
1508,Gorbunov2004
1509,Govin_Lock
1510,GowenGeter
1511,Gr8humanilation
1512,GracefulDemon
1513,Gracz-org
1514,Grandad525
1515,GrannyWeed
1516,Grant46
1517,Gravelord
1518,Graves
1519,GreatreviewDmac
1520,Greek_objektife
1521,GreenKangaroo48
1522,GreenSkullRider
1523,Greeni99
1524,Greg
1525,GregLobstery
1526,Greghead
1527,Gregory_Gramm
1528,Grekov
1529,Griffin44
1530,Grim13
1531,Grimmace88
1532,Grimmolf
1533,Grimmster
1534,Grimsbane
1535,GrizzlyKuma
1536,Groper83
1537,Grospoliner
1538,Grown
1539,Grubhead
1540,GrumpyReviewer
1541,GryphusHUN
1542,Guddy7
1543,Guerrero777
1544,Guestalot
1545,Gui_CR
1546,GuidoTheHare
1547,Guigaenfer
1548,Guilola
1549,Guivera
1550,Gulfak
1551,GustavoLT
1552,Gwend
1553,Gwynbleidd27_
1554,Gyroexe
1555,HALOBLACKOPS42
1556,HCTristesse
1557,HDHorseman
1558,HK_Titan
1559,HPSPhoenix
1560,HRBarranger
1561,HSuke
1562,HTGamer
1563,Hack
1564,Hadrianus
1565,Haganeno12
1566,Hailbreather
1567,HalalPork
1568,Halalmeat5000
1569,Halexatro
1570,Haliax87
1571,HallRNHEberle
1572,Halosoulfire
1573,Halt
1574,Halyo
1575,Hamartemata
1576,Hammy283
1577,HandheldGaymer
1578,Hangar18
1579,Happymonk
1580,Happyspelling
1581,Harra
1582,Harrison101
1583,Harry210
1584,HarryDaRippa
1585,HarryPokeWhoFan
1586,Hart3
1587,Harthik69
1588,HasJPiefkeNL
1589,Hash
1590,HaslageNet
1591,HaterHater
1592,Haxorinator
1593,Haybyte
1594,Haydentheman
1595,Hayter
1596,Hazelthemothman
1597,Hazey86
1598,HazukiRyo
1599,Hdhfc
1600,Hdjidje
1601,Headburster
1602,Hechser
1603,Hector_huertas
1604,Heddly
1605,Hedra
1606,Heisenberg93
1607,HeitorCampos
1608,Hellgates666
1609,Helmore
1610,Henker
1611,Henrywiddas
1612,Hentee
1613,Heracross93
1614,Herbalmouse1305
1615,HeroAiur
1616,HeroinePandora
1617,Heroixx
1618,HerosAmazonum
1619,Hesty
1620,Hevox
1621,Hexcaliber
1622,HeyItsWill
1623,Heyrafaaa19
1624,HiP0L
1625,HiagoSouza
1626,Hiccup3319
1627,HidaK
1628,Highlulu
1629,HighwayUK
1630,Hikayeci
1631,Hike0403
1632,HioriK
1633,Hipokrateca
1634,Hiro016
1635,Hiromaxx
1636,Hiroti22
1637,Hitjhon
1638,HitomiNoRyu
1639,Hm02
1640,Hocakks
1641,Hochbichler
1642,Hockeyhacker
1643,Hoffmanspeaks
1644,HoldDAfort
1645,Hollowman064
1646,Holwo
1647,HombreLombre
1648,Hombre_de_Paz
1649,HonASim1
1650,Honelith
1651,HonestJohn
1652,Honestyopinons
1653,Hongwaree
1654,Hoodinski
1655,Hoseiyn2
1656,Hosep
1657,Hougir
1658,HouhouJulpukken
1659,HoverReid
1660,Howard
1661,Hthsuwv
1662,HuevoAlce
1663,Hui44
1664,Human
1665,HumanAfterAll16
1666,Humbulumba
1667,Humppa
1668,HungryPieMonger
1669,HunterT
1670,Huortaralom
1671,Hurkral13
1672,Hutake
1673,Hydrazine
1674,HydrophobikFish
1675,Hynda
1676,Hynet
1677,Hypedriver
1678,HyperLAW
1679,Hyperfailure
1680,IDKAboutMyName
1681,IGamer9233
1682,IKIE66
1683,ILFM
1684,ILikeToBreathe
1685,INSANEGHOSTFACE
1686,INU4SH4
1687,IOMDutch
1688,IPlayIntoGames
1689,ITZZZPERRY
1690,I_Am_Turok
1691,I_Hate_BobD
1692,I_StillAlive_
1693,IamNader
1694,IamTHEbeaN
1695,IamTarius
1696,Iamthejuan
1697,Ian277
1698,Ian7473
1699,Ibal
1700,Ichigo16
1701,IdanST
1702,Idiocracy
1703,Idkmaybe
1704,Idomtcareblah1
1705,Ieronimg
1706,Igl00Man
1707,Ihatemexicans
1708,Ikuza
1709,Iky009
1710,IlanXD
1711,Ilham
1712,IliaGlobal
1713,Illuminized
1714,IllusiveEnergy
1715,ImBetterThanYou
1716,ImUnavailable
1717,ImmaGamer
1718,ImmortalHemp
1719,Impfinity
1720,ImpressionsAS
1721,ImprezaActual
1722,Imyourxpan
1723,Inappropriate
1724,Incredipede
1725,Indianaliam1
1726,IndieCrit
1727,IndieLover
1728,Ingepunk
1729,IngrownMink4
1730,InkstaindWretch
1731,Inresurrection
1732,InsertCritics
1733,InsidePCgaming
1734,Insularis
1735,InternetBadass
1736,Inuit_Dude
1737,Inuyasha17
1738,IornZombie
1739,IpSkipSkyBlue
1740,Irelia
1741,IrishDegu
1742,IronWolfFang
1743,Ironblood
1744,IsaacJediBaby
1745,Isara
1746,Ishi123
1747,Ismael10
1748,Isoden
1749,ItGeraltOfRivia
1750,Italoben9
1751,ItsDaDoc
1752,ItsRaininMen
1753,ItsRoland
1754,ItzBrianMuscles
1755,IvanCritic123
1756,IviAless
1757,Ivko92
1758,J101
1759,J4MESOX4D
1760,J5XCO7
1761,JAG7
1762,JAnderton
1763,JDConspirator
1764,JDiBlackAlex
1765,JDnator
1766,JGreenhill
1767,JJ2FAS4U
1768,JJTX
1769,JJota
1770,JJsusinho
1771,JLGroudon
1772,JMRain99
1773,JMoonshine
1774,JMorse1993
1775,JOSHDILISI
1776,JPK
1777,JPKarma
1778,JRo55
1779,JSXero
1780,JWMG
1781,Jacethegamerman
1782,Jack09164
1783,JackFrostyG
1784,JackReviews
1785,JackSakamoto
1786,JackTbug
1787,Jackhp478
1788,Jackie-mom
1789,JackieDesgraca
1790,Jackie_Jackson
1791,Jackos199
1792,Jackt
1793,Jackwill
1794,Jacob143
1795,Jacob9999
1796,JacobRabbet
1797,JacobScenny
1798,JacquesDejean23
1799,JaguarXtreme
1800,JaguarsFan
1801,JaidenMC
1802,Jak3_Hardcore
1803,JakubCech
1804,Jaleo
1805,JamesDrawsThngs
1806,JamesGamesCo
1807,Jamestheunderdo
1808,Jamison12
1809,Jango
1810,Janich
1811,JapJappert
1812,Jarbas6
1813,Jared141
1814,Jarhchief
1815,Jarlaxle03
1816,JarradGhent
1817,JarrodSR
1818,Jarzombek
1819,JasonDaCritic
1820,JasonFajardo
1821,Jattaman
1822,JavGD
1823,JavierTaco
1824,JayDarbz
1825,JayDeth
1826,JayHursti
1827,JayLemad
1828,JayMVP
1829,JaySeacliff
1830,JaySimpson
1831,Jay_Pickens
1832,Jayage
1833,JaydenPickens
1834,Jayman1975
1835,Jazzonlicker
1836,Jboy2468
1837,Jbrizzy
1838,Jeanjj14
1839,Jediknight0330
1840,Jellybean15
1841,Jellye
1842,Jellyel
1843,Jerem8
1844,JeremyJo
1845,Jerg4n
1846,Jernas
1847,JerryMonz
1848,JesseDillinger
1849,JesseLluvia
1850,Jessicaw
1851,JesterTRT
1852,Jestzer
1853,Jesus_socorro11
1854,JetStreamAce
1855,JetThePokeGuy
1856,Jett_Pyre
1857,Jhawk525
1858,Jhonuru
1859,Jibaguette
1860,JiggilyMiggily
1861,Jill
1862,Jim86
1863,JimCorbett
1864,JimPickens
1865,JimatheDimsYT
1866,Jimbob2k666
1867,Jimbok3rr178
1868,Jimmy95
1869,JimmyDaFrog
1870,JimmyJams
1871,JimmyoftheDead
1872,Jimmythesnake
1873,Jinuaga
1874,Jinx
1875,Jinxie
1876,Jjj1997
1877,Jjoserk
1878,Jmoney30
1879,JoJo2498
1880,Joakoelpro
1881,JoaleJG
1882,JoaoRodarte
1883,Jobadkins
1884,Jodeert
1885,Jodle
1886,Jodysin7
1887,Joe2539
1888,JoelArpal
1889,Joelthethief
1890,Joeshadowman
1891,JohannSchneider
1892,John19
1893,JohnAbruzzi
1894,JohnLG
1895,JohnR
1896,JohnVon
1897,JohnWitten
1898,JohnXBoss
1899,Johnathon99
1900,JohnnyBfr
1901,JohnnyStephens
1902,JohnoDeruno
1903,Joker92
1904,JokesAfterDark
1905,Jollyjoe1000
1906,JonGum
1907,Jonas2301
1908,JonasRosa
1909,Jonathan117
1910,JonathanM
1911,JonesR
1912,Joneseybuy
1913,Jonny123
1914,JonnyC
1915,Jonnyblond77
1916,Jordach545
1917,Joreldopaumole
1918,JorgeSzeto
1919,Jorrge
1920,Joruto
1921,Jose9542
1922,JoseManuel10_
1923,Joselucas67
1924,Josenolito72
1925,Josephuci
1926,JoshKennedy
1927,JoshRD
1928,Joshedwards88
1929,Josue_online
1930,JotahCriticon
1931,Jotto999
1932,Jouna92
1933,Joyner7
1934,Jozee
1935,Jozhster
1936,JrDouble
1937,JrsAlster
1938,Jspotter89
1939,Jtgamer
1940,JuNeTT
1941,JuanLavalle321
1942,JuanMS
1943,JuanmaKVR
1944,Juanoldead
1945,JuanpiPapitas
1946,Juarez5546
1947,JudgeMathew
1948,JudgeMental
1949,Judgement1991
1950,JugadorExperto
1951,JugadorRandom15
1952,Juli01223
1953,Julian0505
1954,Jumper33
1955,Junjisiah
1956,Juras
1957,JustABitAgroed
1958,JustAGameGuy
1959,JustSagan
1960,JustSomeGamer
1961,JustSumGuy
1962,Just_Some_Gamer
1963,Justblazex
1964,JustinForgueims
1965,Justzajda
1966,JvCamargooo
1967,Jvbcdtm3
1968,Jwhite
1969,Jyadaus
1970,JymmyQuidd
1971,K-ralz
1972,K3V1N-1995
1973,KAHRAMANOV
1974,KAOS661
1975,KARF4GEN
1976,KCritic
1977,KINGIN7K
1978,KIOpOISkl
1979,KJR_
1980,KNX2501
1981,KOMC
1982,KOrp
1983,KP1994
1984,KPS5
1985,KRoman47
1986,KaTaMapAH
1987,KaanGZN
1988,Kabaal
1989,Kacperos
1990,Kadeemluvmusic
1991,Kaden101
1992,Kael672477
1993,Kahoutek
1994,Kai82
1995,KaiDaGaymer
1996,Kaisentlaia
1997,Kaizo_Aleks
1998,Kakiro
1999,Kalcool12
2000,KaleSungurCrane
2001,KalebErso
2002,Kalulu
2003,Kameleonical
2004,Kamelsson
2005,Kamioda
2006,KampfSpeck
2007,Kamyar8765
2008,Kanazawa
2009,Kaniya
2010,KapralDominik
2011,Kaprawiec
2012,Kapuder
2013,Karacter33
2014,Karar099
2015,Kardian
2016,Karl_Maks
2017,Karlsefni0
2018,KarolP
2019,Karpadorikus
2020,Kasilen
2021,Katalysator
2022,Katzena
2023,KauamSobreira
2024,Kawazakivenom45
2025,KayVen17
2026,Kazuki
2027,Kazuma-Kiryu
2028,Kdog152
2029,KedrukKillaz
2030,Keekyweeky
2031,Kekigri355
2032,Kela-Appi
2033,Kelen
2034,KelvinSelimor
2035,KendylKlownfish
2036,Kenjori
2037,Kenmei
2038,KennedyP
2039,KennethOrsie
2040,KennyTWD
2041,Kentathon
2042,Kentonsxng
2043,Keoki
2044,Keron_Heruman
2045,Kervin619
2046,Kesorevo
2047,Kewals2PL
2048,Keychain
2049,Keyflame
2050,Khajiit2
2051,Khalazza
2052,Khaleesi9318
2053,KhannonFTW
2054,Khaosom
2055,Kharnivore2099
2056,KharonC
2057,Khatmar
2058,Khazar2
2059,Kheetor
2060,Kheiku
2061,KhezuMaster
2062,Khyrid
2063,KiBob_1674
2064,Kiatzu
2065,Kick454
2066,Kickingpro
2067,Kid-Wajay
2068,Kilio
2069,KillerBeij
2070,KillerKarado
2071,KillerRabbit
2072,Killer_Kast_One
2073,Killerpummkin
2074,Killgore188
2075,KilljoyGenesis
2076,Killman
2077,Killpastilla
2078,KillsInVersace
2079,Kimkillwan44
2080,Kindle12015
2081,KingArthur
2082,KingJailson
2083,KingYan
2084,Kingofdanerds
2085,Kingzilu
2086,KinimodYunmi
2087,Kio22
2088,Kipperfaust
2089,Kirst0ne
2090,Kiss-Shot
2091,KitkatChunky
2092,Kitoalarco
2093,Kittymonk4
2094,Kjap92
2095,KjoDevilHunterS
2096,Klarmi
2097,KlausKinski
2098,Klaww25
2099,Klewer
2100,KlingonGamerYT
2101,Klirik_
2102,KluddennReview
2103,Kluge
2104,Kmiller34
2105,Kmtw
2106,Knight678
2107,KoKop0
2108,Kocrachon
2109,Kohven
2110,KojakWeb
2111,KokichiMiyazawa
2112,Kokoskenyer
2113,KolesAdlerov
2114,KongsNutz
2115,Kooledud
2116,Kopter
2117,Koreanboy302
2118,Koru
2119,Korvain
2120,Kostas101
2121,Kostas_Spirou
2122,Kosudai
2123,Kotofon
2124,Kovalev_Stepan
2125,Kowbrad
2126,Kozzmozz
2127,KrakenOfPepsi
2128,Kramer76
2129,Kramirez0113
2130,KratosITALY
2131,KratosKong
2132,KrauserFear
2133,Kraxlord
2134,KrillerBomb
2135,Kristianswag122
2136,Krizuwe
2137,Krossbone
2138,Kruto
2139,Krutou
2140,Kskj37
2141,Kujoestar
2142,Kuldiin
2143,Kumorii
2144,Kuns
2145,Kupotek
2146,Kuroraptor
2147,Kurri
2148,Kurtisawesome01
2149,Kustosz
2150,Kvantaliani03
2151,Kwinn
2152,Kydos
2153,Kyle_6195
2154,Kyle_Katarn92
2155,Kyngselu
2156,Kzart
2157,L3Fari0us
2158,LBP_lover43
2159,LEON1994
2160,LEXGBR
2161,LFGamer2004
2162,LGNX
2163,LHR_Redemption
2164,LIKE01
2165,LL66
2166,LMotta
2167,LOmarG
2168,LQSNIXT
2169,LTX128
2170,LT_Gruber
2171,LUKKE08
2172,LUKSlion
2173,LVB10
2174,LWFYM
2175,LaKriz
2176,LackyStar
2177,Ladrultral
2178,Laer
2179,Lahvin
2180,LaiusBunansa
2181,LamanRGNS
2182,Lambo442
2183,Lani337
2184,LankyHanky
2185,LannerBlack
2186,Lansow
2187,Lapenoman
2188,Largo
2189,Larry223
2190,Larux18
2191,Larxi
2192,LastHope17
2193,LastResource
2194,LatinCritic13
2195,LatsaSpege
2196,Lavacore
2197,LazyLoad08
2198,Lazzakz
2199,LeFlatBear
2200,LeThinkTank
2201,LeZimen
2202,Le_Habitant
2203,LegateTheAnime
2204,Legato
2205,LegendaryBurger
2206,Legicey
2207,Legion201
2208,Leland72567
2209,Lelik_mc_kawai
2210,Lelo_Oficial
2211,Lemunard
2212,Lenna_
2213,Lennonfire
2214,Leo4211
2215,Leo9127
2216,LeoConker
2217,LeoMux2004
2218,Leoka
2219,Leonheart034
2220,Leontorres7
2221,Leram504
2222,LesMiserables
2223,LesterNygard
2224,Letiste-Gaming
2225,Leunam_books
2226,Leveld
2227,Levethian
2228,LeviAkerman
2229,Leviathon67201
2230,Lewa
2231,LewisDanny
2232,LexMcKay
2233,Lezzly
2234,Liam247
2235,Licherus
2236,Lidso
2237,LieChenZhou
2238,LifeHistory
2239,LightPoth
2240,Lightolights
2241,Lighty
2242,Lijon88
2243,LilJoey
2244,Lil_Caucasian
2245,Lileroice
2246,Liliana
2247,Lillebo59
2248,Lime_4444
2249,LincolnClay
2250,LinkHb03
2251,LinkMI
2252,LinkTriforce
2253,Linkarinka
2254,Lionheart1091
2255,Lipton23
2256,LiquidFrostbite
2257,LiquidSnekMGS
2258,LironesAlviento
2259,Liteit
2260,LittleSticker
2261,Llaerrick
2262,Llenyart
2263,Lm106
2264,Lockpick
2265,LogMan56
2266,LogeViper
2267,LogicalEagle123
2268,Lokhaman
2269,LolLimewire
2270,LoletinAlexis
2271,LonBorah
2272,LonelyGamer20
2273,Lonitx
2274,LopsidedFox2
2275,LopsterPopster
2276,LordBelialz
2277,LordCuppington
2278,LordDeathsama
2279,LordFaidal
2280,LordMOrion
2281,LordMcDonnald
2282,LordWealthy
2283,LordZed
2284,Lord_Black
2285,Lordbadface
2286,Lordbit4735
2287,LordoftheDance
2288,LostAnkh
2289,LostNexusGamer
2290,Lotre39
2291,LouistheHelms
2292,LowMerc
2293,Lowpayne911
2294,LsakaL
2295,LtChris
2296,LtPaul
2297,Lthomas1208
2298,LuanGamer
2299,LuanOlimpio
2300,LucaCritics
2301,Lucandor
2302,Lucariomain05
2303,LucasMSouza16
2304,LucasP
2305,LucasTMD
2306,Lucas_Dancs
2307,Lucassnowfall
2308,Lucasts_
2309,Lucaz1n
2310,Lucazo
2311,Luccio
2312,Luccio26
2313,Lucif3r
2314,LuciferReviewer
2315,Lucifercrow
2316,LucifertheWhite
2317,LuciusMcGibbon
2318,LucyInTheSky24
2319,Luigibarqs
2320,Luigichief
2321,Luigithemetal64
2322,LuisAntonio
2323,LuisBelly
2324,LuisTaino
2325,LuissDt
2326,Lukart59
2327,Lukinsons
2328,Lumanator
2329,Lumiaxelite
2330,Luso31
2331,Lustwaffel
2332,Luv45
2333,Lycanthropunk
2334,Lycria
2335,LymeGreen
2336,Lynchzinho
2337,LysanderG
2338,Lyserg1260
2339,M-A-R-T-Y4040
2340,M-Reviews
2341,M00nC4t
2342,M1XA1I
2343,M1ckJagger
2344,M3ta
2345,M9ki
2346,MACAKoopa
2347,MAD623
2348,MADSHEEP
2349,MANU3L69
2350,MANXMAN76
2351,MARLONBAD
2352,MASHIRO_GOD
2353,MCPaperstacks
2354,MD5586
2355,METALSCHANNEL
2356,MFDOOM__4
2357,MGM
2358,MGTE
2359,MILKYJOE81
2360,MJDSBelmiro
2361,MJLambert1
2362,MKCBrown93
2363,MKNA
2364,MMPP99
2365,MMahar
2366,MNNice
2367,MRBeanJoga
2368,MSAddict
2369,MSRY12
2370,MShadows17
2371,MW1AA2Gs
2372,MXMXVRGMS
2373,M_MIXER
2374,Maarten95
2375,MacArron23
2376,Macchip
2377,MadAdventurer
2378,MadIsAdopted
2379,MadJaples
2380,Mad_Hatter91
2381,Madball123
2382,Maddox489
2383,MaddoxWhite
2384,MadeViolet
2385,Madeinbrazil123
2386,MadenameXD
2387,Madmaz
2388,Madrict
2389,Madvilain
2390,MagasTheKing
2391,Magical_Viktor
2392,Magikcarp
2393,Magnetroll
2394,MagnumD
2395,Magus80
2396,Mahdiar
2397,Mahls
2398,Mahmus
2399,MaikaChan48
2400,Majid18
2401,MajinAndre
2402,MajorTom03
2403,MajorTomTGC
2404,Major_PC_92
2405,Makashinga
2406,Makaveli
2407,Makodus
2408,Makolvalenzuela
2409,Makorov
2410,Malamar
2411,MalistiX
2412,MallDuty
2413,MameyJuice
2414,ManRammer
2415,Manamaster
2416,Manarman
2417,Manchesterfc
2418,Mandula
2419,Maneinarr
2420,Manjisan13
2421,ManjuMadhu
2422,ManosR
2423,Manto
2424,ManuelAlejandro
2425,Manzanetti
2426,Manziflex
2427,MapOfEurasia
2428,Mapre
2429,MarcoValentini
2430,Marco_AGJ
2431,Marcosbohrerbri
2432,Marcus64
2433,MarekS99
2434,Marianoenrique
2435,Marick
2436,MarioFan1055
2437,MarioReviewer
2438,Mario_Tierra
2439,Mariobabyfather
2440,Mariofan
2441,Marius2099
2442,MarkDream35
2443,MarkFizz
2444,Markfrancis
2445,Markinator_43
2446,Markltv
2447,Markos-
2448,Marks
2449,Markus1639
2450,MarkusZ
2451,MarsCorialanus
2452,Marsekay
2453,Marshall2000_uk
2454,Marti6s
2455,Martim1322
2456,MartinEzy225
2457,MartinGagnier
2458,Martma
2459,Maruf4real
2460,MarvelJoe
2461,Mascalzone
2462,Mashiba8
2463,MashyLatte
2464,Mason_Boogeman
2465,MasterBen85
2466,MasterChickenYT
2467,MasterDamus
2468,MasterKnightDH
2469,MasterOfMetroid
2470,Masterchief1572
2471,Mastereed
2472,Mastereviewer
2473,Masterhummel
2474,Mastuda5555
2475,MatekCC
2476,MatheusGames
2477,Matias8654
2478,MatikTheSeventh
2479,Matrix_48
2480,Matseb2611
2481,MattBarringerXY
2482,MattPower
2483,MattScander
2484,Mattaclysm
2485,MatteAce
2486,MatthewAce70
2487,MatthewDavisMed
2488,Matthewlh
2489,Matths
2490,Mattia9336
2491,Mattiator
2492,Mattthelemon173
2493,Mattxx
2494,Matty_1980
2495,Maurus_
2496,Mav455
2497,MaxDetroit
2498,MaxEagle
2499,MaxPesky
2500,MaxShibe
2501,MaxSteelRocks
2502,Max_Bonderules
2503,MaxieZeus
2504,Maximilian_pro
2505,Maximo27CABJ
2506,MaxmilianKohler
2507,Maxreviews420
2508,Maxttvd
2509,MaxxSwan13
2510,Maxxinne
2511,MayconAlex
2512,MazdoTechno
2513,Mazma
2514,McBeesj
2515,McCoyPauley
2516,McFinnegan
2517,McNash
2518,McSkittle
2519,MeAndMyGamertag
2520,MeCritic
2521,MeKAnehS0
2522,MeTheNinja
2523,Mecakami
2524,MechGundam13
2525,MechMarine
2526,MediaFreak
2527,Mediawatcher
2528,MedkitMedia
2529,MegWhiteley
2530,Mega_Killer969
2531,Megacon89
2532,Megacritc
2533,MegamanZeroX19
2534,Megater
2535,Megazx456
2536,Mehdii
2537,Melgacius
2538,Melkier
2539,Melkor13
2540,Mellorates17
2541,Mellow_Online2
2542,Mellow_Online4
2543,MemeTeam
2544,Menbobson
2545,Menni
2546,MercurioS
2547,MercurousSnake
2548,Mercyy
2549,Mergle
2550,MeritCoba
2551,Mertespada
2552,Meruco
2553,Meshti3000
2554,MestreVaz
2555,Meta1234
2556,MetaKiller
2557,MetaPerky37
2558,MetaRogue
2559,MetaWaterSpirit
2560,Metaisaac
2561,MetalGearLiquid
2562,MetalMariofan64
2563,MetalReviewer
2564,Metaluke11110
2565,Metamarc
2566,Metashred
2567,Meth-Weasel
2568,Meth-dude
2569,MetinAkl
2570,Metroidguy4
2571,Mgl2140
2572,Mhaaad
2573,Mhossein1384
2574,MichMart
2575,Michael616
2576,MichaelD
2577,MichaelJordan23
2578,MickeyFinn
2579,MicoB1022
2580,Midavi
2581,MiddleMufo
2582,Midgetnik
2583,Midnighter
2584,Migls
2585,MiguelNeto
2586,Miguelsanchez
2587,Miheil
2588,Mikesonic8
2589,MikeyMo
2590,Mikeymo12
2591,MikuTrapyGirl
2592,MilanPhilip25
2593,Milher
2594,MilkSteakMaster
2595,Milozaki_
2596,Milus
2597,Mindkiller7522
2598,Mindurbidniss
2599,MiniMeth
2600,Miniok_P
2601,MinionX
2602,Miraak49
2603,MiracleDonut
2604,Miraficus
2605,MirosLove
2606,Mirowave
2607,Misfit209
2608,MishterBobo
2609,MissDaisy
2610,MissDove
2611,MissingBro
2612,MisterShmi
2613,MisterSparkle
2614,Misterdiony
2615,Misteri19
2616,Mistfalcaneye22
2617,Mistoltean
2618,Mitch2611
2619,Miz3k
2620,Miz_Gamer
2621,Mmlko
2622,MoMoShiftin
2623,Mobile
2624,Mobin1387
2625,MobiusLamprey
2626,Mochimeplease
2627,Mockl8
2628,ModernandCool
2629,Moduler
2630,Moetowsky
2631,Mogtastic
2632,Mokka61
2633,MoleskinArmor
2634,MoneyMaker101
2635,Mongobear
2636,Monkscape
2637,Monsieur_le_E
2638,MonsterMor
2639,MoofiaBossVal
2640,Moony545
2641,Mooreneco
2642,Morados9
2643,MoratoryMold249
2644,Moratosan
2645,Morlock5K
2646,Morphi
2647,Motichoor420
2648,Mount
2649,MountTai
2650,Mpeosman
2651,Mr-X
2652,MrAraras
2653,MrB1ank
2654,MrBrooun
2655,MrCell
2656,MrDavidBen
2657,MrDeibus
2658,MrKii
2659,MrKraToZ073
2660,MrLuBurt
2661,MrMati864
2662,MrMurdock69
2663,MrNoobNub
2664,MrOldModern
2665,MrPrimwhoozle
2666,MrRPG
2667,MrRizzleSmith
2668,MrSonicFan
2669,MrTable
2670,MrTacoBob
2671,MrTaylor99
2672,MrTextar
2673,MrWonderful
2674,Mr_Fish
2675,Mr_Jack
2676,Mr_Nobody34
2677,Mr_Still_Chill
2678,Mrb0b
2679,Mrfuzz117
2680,Mrmaleki234
2681,Mrman7
2682,Mrsmiley27
2683,Mteam007
2684,Mu5149
2685,Much0morek
2686,Muckknuckle
2687,Muismi
2688,Mumundjan
2689,Mune
2690,MurCellic
2691,Murasame78
2692,Murdockk
2693,MurphyBrandon
2694,Mushe
2695,MusicxxAddicted
2696,MutantBlood
2697,MutenRoshi
2698,Mutty99
2699,Muzist_92
2700,MyHumbleOpinion
2701,Mykwon
2702,Myrlok
2703,Myst1Que
2704,MythraMeen
2705,NAK19
2706,NCfrog
2707,ND-Bringer
2708,NGel42
2709,NIntendoFan94
2710,NKZJOAO
2711,NMan7496
2712,NOVEANO
2713,NTG07
2714,NUGA
2715,NabaDwA
2716,Naberios
2717,NachoGameplays
2718,Nafea
2719,Nagoyablue
2720,Nahna
2721,Naked_Snakee
2722,Nalsii
2723,Nameless2131
2724,Nandoalbando
2725,NardArts
2726,NareshReviews
2727,NatT96
2728,NatalieMcK
2729,NatalieT
2730,Natan180
2731,Natanoksi
2732,Natanthekill
2733,Nataraja
2734,Nate
2735,Nathan1423
2736,NathanFerreira
2737,Nathaniel
2738,NathanielPrime
2739,Nathyron
2740,Nautious
2741,NeBrO
2742,NecroMnemic
2743,Necrotaur
2744,Neddy
2745,Nednerb
2746,Neelyry
2747,Negativvv
2748,Nekellor_Met
2749,Nekrips
2750,Nel
2751,Neonebula
2752,Nepen1he
2753,NepodarOK
2754,Nerdcast
2755,Nerdgefluester
2756,Nerdreviewer
2757,Nerevarinho
2758,Nerosoma889
2759,Ness64
2760,Netaro
2761,NetoGermano
2762,Nevbear1206
2763,NewHeroOfTime
2764,Nexre
2765,Next_Gen
2766,NexusTsunami
2767,NfeKteD
2768,NiceReviews
2769,NicholasJames
2770,Nicholasandrew
2771,Nichtswisser
2772,Nick1986
2773,Nick7000
2774,Nick77
2775,NickSlyCooper
2776,Nico49
2777,Nicotine420
2778,NightmareYT
2779,Nightwig
2780,Nihl
2781,Niiiiiine999
2782,NikHero
2783,Nikitosss95
2784,Nikk27
2785,Nikkynik
2786,NikolajAA
2787,Nikosphere
2788,NinjaNibbs
2789,Ninja_Vicduran
2790,NinjaguyWeaver
2791,NintendoNerdYT
2792,Nintendo_Gamer
2793,Nintendoforlife
2794,Nintenzeldafan
2795,Nkbhai212
2796,No1Livz4ever
2797,NoManF
2798,NoNoYesMan
2799,NoPurposeDude
2800,No_Content
2801,NobuFL
2802,Nohri
2803,Nomax
2804,Nonnnn123333
2805,Noontide
2806,NormanLee
2807,Northur
2808,Nosidda89
2809,NotBanMePLZ
2810,NotBarkins
2811,NotHerKnight
2812,NotMatchingHere
2813,Not_Ur_Momz
2814,Notthatguy
2815,Nova_Oyuncu
2816,Novasker
2817,Novaxlo
2818,Nowakowski
2819,Nu-Metal_Nazgul
2820,Nuffaum
2821,NukeJai
2822,NukeSanity
2823,Num1MarioFan
2824,Nunomagalhaes
2825,NxtDoc
2826,OASkittles
2827,OHIC
2828,OHMYHEAD
2829,OMG_ITS_JOSHUA
2830,OMGitsTHEMEMI
2831,OMonarquista96
2832,ONEEX
2833,ONI913
2834,ONLYYEYO
2835,ORevisor
2836,OYacob
2837,ObamasSon
2838,Obersalzberg
2839,ObsessedMeat
2840,Oceanicus
2841,Octospice
2842,Odh
2843,OdioArk
2844,OdiumHell
2845,OfMonsterz
2846,Ogie
2847,OgnistyKamilek
2848,Ogurechka
2849,OhJay
2850,OhRly
2851,Okami450
2852,OkeyDokey
2853,OlafSzwast133
2854,OldMemoria
2855,Oldman1917
2856,Olenjan08
2857,Oliver213
2858,Oliverhilt
2859,Olympos_
2860,Omaeka
2861,OmegaJ17
2862,Ommojob
2863,OnAnarchy
2864,Ondik
2865,OneManCast
2866,One_SIC_Ma666ot
2867,Onioncreature
2868,OnlyAlejandroUC
2869,OnlyGaming
2870,OnlyOneHere
2871,Oooomygod
2872,Opex28
2873,Oppai_Senpai
2874,OrangeRood
2875,OrcBEOR
2876,Ordish
2877,Oscar0919
2878,Oscar_wao
2879,Oscer7
2880,Ostrypwns
2881,Ottalaus_saus
2882,OttawaExile
2883,Otterssoul
2884,Ottomic
2885,OutATime
2886,OutdoorMoney70
2887,Outdoorz
2888,Outlander999
2889,Ouwc
2890,Overlooked
2891,Overvulture
2892,OvidiusOvidius
2893,OwlCloud
2894,OwtDaft
2895,OzZyBoi86
2896,OzanDK
2897,P-Daniele
2898,P3DR0AF
2899,P3DR0aleatorio
2900,PBandJ
2901,PC-GAMER-HATER
2902,PCDOCTOR
2903,PEdiPRANTA
2904,PHANTOM420BLAZ3
2905,PHDIKOULAS
2906,PLANETX
2907,PLATMAT
2908,PMG
2909,POE
2910,PPko
2911,PQuinny
2912,PR66
2913,PR9Gaming
2914,PROJECT_ODIN_
2915,PSGaming
2916,Pablo4a0
2917,PabloEnver
2918,Pablocortesi
2919,PacMan12
2920,PacMax
2921,PacmanFunky
2922,PadavanApple
2923,PaddysPub
2924,Paine_Ebonheart
2925,PakiOgi1
2926,Pakon
2927,PaleMimic
2928,Palestinian
2929,PalitoNoob
2930,Pamuditha007
2931,PanMrkvicka
2932,PanTac
2933,PanchaMiguela
2934,Panchogul
2935,Panica3643D
2936,PanthersFanStev
2937,PantsOnFire
2938,Paolo72
2939,PapaReef
2940,PapaShroom
2941,Papamia
2942,Paradox1
2943,Parborway
2944,Parmesano
2945,Parsa2079
2946,ParsivalCLoud
2947,PasiMetaAho
2948,Pasifull
2949,Patajullo
2950,PatitoCosmico67
2951,Patocampo34
2952,Patrick67
2953,Patrickplus
2954,Patsuchi
2955,PaulaTLD
2956,PauloStaub
2957,PaupiTLD
2958,PavelHr
2959,Pb200
2960,Pbnjmonster
2961,Peachboiii
2962,Peanuts_dx
2963,PedroGamer
2964,Peeto
2965,Pehel
2966,Pellissier
2967,PenetratorGod
2968,Pengius12
2969,Penis-is-big
2970,Pepefromage
2971,Peppe096
2972,Peppermint_Tea
2973,Pepsiboi
2974,Perky
2975,PersianParadise
2976,PersianPothead
2977,PersistantPwner
2978,PeterAlexander
2979,PeteyB
2980,Petro1234
2981,PetyaBiszeps
2982,Pgfanjul
2983,Phamtom25
2984,PhantomMac
2985,Phasmatis
2986,PhazonInduced
2987,Phil133
2988,Philc
2989,Phillipians
2990,PhiloDandy
2991,Philosopher
2992,PhilosophyRex
2993,PhoneTheo
2994,Phuz
2995,Picche64
2996,Picklerif
2997,PicklesOfWar
2998,Pier
2999,Piercey
3000,Pika-200
3001,PikachuMaster
3002,PikachuRebelde
3003,Pikamaru
3004,Pikaptaincraft_
3005,PillowChew
3006,Pillz4111
3007,Pinguyn
3008,PinkFura
3009,PinkPanther
3010,Piruz
3011,PissedOffWookie
3012,PixelGamer115
3013,Pixelato
3014,Pixelen
3015,Pixelgod
3016,Pixelmaster1080
3017,Pixelpunch24333
3018,Pizarrator
3019,PizzaSubCombo
3020,Pizzasteve
3021,Plain_Sight_Doc
3022,Plasmaneedle
3023,Platinumeta
3024,PlayVitamin
3025,Playstationguy
3026,Plebastian
3027,Pletskaia
3028,Plumbo2000
3029,Plumbum
3030,PlusAlpal
3031,Plus_Escapee
3032,PlutoniumTiger
3033,Pndoxy
3034,PocketFlygon
3035,Polar77
3036,Polarisao
3037,Poldindro_UA
3038,PolisKanin
3039,PolishVPN
3040,Polish_Infidel
3041,Polishguy
3042,Polthank
3043,Pomegranate23
3044,Ponstory_Games
3045,Poochingus
3046,Poop
3047,PootisBerd
3048,Por64
3049,Porcodioooooo
3050,PortableGamer
3051,PortakalSido52
3052,Posh_Bear
3053,Post_Cursed
3054,Potet69
3055,Poutre-org
3056,PoyoPoyo123
3057,Ppolet
3058,Pquabsudh
3059,Praedo_MT
3060,PreciseMotion
3061,Predator86
3062,PrimaryUnit
3063,PrincessRose
3064,PrincessSunny
3065,Prink34320
3066,Pripyat
3067,PrismaticTurtle
3068,ProfAmateur
3069,Professorfett
3070,ProgRules
3071,ProgrammedWorld
3072,PrometheusWWE
3073,ProtoCaster
3074,Proxymate
3075,Prozilla
3076,Ps2-game
3077,Ps3lord
3078,Pseudomonki
3079,Psychie
3080,PsychoShane
3081,Psychoka
3082,PublicNuisance
3083,Pulkki03
3084,Punibob
3085,PunishedGamer
3086,PunisherTeam
3087,Pupo
3088,Pupplehaze
3089,PvtJackson
3090,PyongyangMayor
3091,PyroRaider
3092,Qqumber
3093,Quadlex
3094,Quality
3095,Quazder
3096,Queshebo
3097,QuitBeingStupid
3098,Qwackerz
3099,R-Zahn
3100,RAHBRT
3101,RASoub
3102,RAYMANlegends
3103,RAZOR
3104,RCmaster27
3105,RD74
3106,REFR_MrTrent
3107,RGNS
3108,RILLAROO
3109,RKotick420
3110,RODOLFMENESES
3111,ROGERMAN
3112,ROTSA2
3113,ROYBGB
3114,RPGROB
3115,RTCWFAN
3116,RUST
3117,RVallant
3118,Rab1219
3119,RadThesis
3120,Radeen
3121,RafaFadhila
3122,RafaelBarrera
3123,Rahsmoove
3124,Rains01
3125,Rainywolf
3126,Raka11
3127,Raknner44
3128,Rakzo
3129,Rallandollo
3130,RamazKent
3131,Ramdanic
3132,RamirezWolfen
3133,Ramiro1992
3134,Ramoten
3135,RampantRome
3136,Ramus
3137,Ramy_shindou07
3138,Randlez9600
3139,RandomWhorie
3140,Randomguy67
3141,RandowGuy
3142,Rangaman
3143,Rangwath
3144,RaphaelX
3145,Raresh
3146,Rassane
3147,Rastarorm
3148,Ratchet27
3149,Ratel44
3150,RatingALLGames
3151,Ratingss
3152,Ratodaprivada
3153,Rattlefinger
3154,RaulZika2
3155,Ravage
3156,Ravager72
3157,RavenclawGuy
3158,Raybun
3159,Rayman
3160,Rayman3fan
3161,Razhomon
3162,Razor1138
3163,Razorbomb2
3164,Razorium
3165,Razrback16
3166,Razzbow
3167,Razzee
3168,ReBootEd
3169,ReLawlietV
3170,ReSTALL
3171,ReakMayhem
3172,RealDomtendo
3173,RealJSCarpio
3174,RealMonkey
3175,RealNova
3176,Realistic123456
3177,ReallyNotNeeded
3178,Reaperville
3179,RecoveryRx
3180,RedDeadWanted
3181,RedDragon09
3182,RedLeader
3183,RedMattis
3184,RedRyan18
3185,RedSithX
3186,RedWulfr
3187,Red_Spectre
3188,Reda06JX
3189,Redbrick
3190,Reddarkmiss
3191,Redfireball
3192,Redfordsto
3193,Redman_07
3194,Redman_Herring
3195,Redz0ne
3196,ReedYT
3197,RefinedInsights
3198,Refolox
3199,Rei
3200,Rekro
3201,Rel650
3202,RelicCastle
3203,Relkad
3204,Rellawintv
3205,Rem
3206,Remainz
3207,RenTheJoker
3208,Renardeau
3209,RenegadeNorman
3210,Rens1965
3211,RenzyWenzy
3212,Repc
3213,Repulsr
3214,ResetButton
3215,Resetto
3216,RespectedMann
3217,Retro_indepecat
3218,RetrogamingFTW
3219,Retroplayer1987
3220,ReubenIsAGod
3221,ReusedPaper
3222,RevageOfficial
3223,Review9
3224,ReviewGod05
3225,ReviewScope
3226,ReviewZone212
3227,Reviewer102
3228,Reviewer69420
3229,ReviewerGames
3230,ReviewsAreBS
3231,RevilLand
3232,Revin
3233,Revon
3234,Rewdemonio
3235,Rewsnew5
3236,Rewswiss
3237,Rex-Rei
3238,Reynakdkek
3239,Rezoman
3240,Rhex98
3241,Rhozimak
3242,RiZingRoad
3243,RianB77
3244,Riantx
3245,Rich246
3246,Richard12
3247,Richard_chronos
3248,Richard_dias
3249,Richardg234
3250,Richdag
3251,RichieRich3
3252,RickHonoo
3253,RickyBooby
3254,RicochetPhoenix
3255,Ridas367
3256,RiddleMeThis
3257,RidiculousDeath
3258,Rigel86
3259,RigoDuterte
3260,Riisipeltomies
3261,Rikimaru
3262,RikkiBesti
3263,RileyWRussell
3264,RinChanNow
3265,RingK
3266,Riotguards
3267,Risico001
3268,Riskyreview
3269,Ristamatt
3270,RizNat
3271,Rob_Barker
3272,RobbieRaymond69
3273,RobertTheGreat
3274,RobinB
3275,Robinson2511
3276,Robo522
3277,RoboElle
3278,Rockstaar9
3279,RockyMM
3280,Rodnni
3281,RodrigoMan636
3282,Rodrigo_31
3283,RodrigoroRex
3284,RodroG
3285,Rodymetal
3286,Rojas39
3287,RolandOG
3288,Rolingachu
3289,Rolling741
3290,RonalSx
3291,RonaldJohnson
3292,RoninNinjaXL
3293,Rorian7
3294,Rosco
3295,Ross5000
3296,Rottencore
3297,Roubic69
3298,Rowshak
3299,Rox22
3300,Roy-Legacy
3301,Rtheom
3302,RuansJJ
3303,Rubiales
3304,Rudboy66
3305,Ruegrong
3306,RuggedManFan
3307,Rulez82
3308,Rumic
3309,RunePl
3310,RusFlexMen
3311,RushDash
3312,RussianGuy
3313,RustY420
3314,RustyLinks
3315,Rustym82
3316,Ruzaky
3317,RyanA
3318,RyanDerossi
3319,RyanSafiros
3320,Ryanzinn
3321,Ryatta
3322,Rybitwa
3323,Ryder212x
3324,Ryleemuffin
3325,Ryuride1234
3326,Rzno157
3327,S0me_Guy
3328,S0pun
3329,S3AN06
3330,S3R6i0
3331,S79
3332,SAWWTHedgehog
3333,SCB92
3334,SECONNO
3335,SEVDMC
3336,SILENT_harrison
3337,SIPPIO
3338,SKULLbrgr7
3339,SL539
3340,SL9M
3341,SMBW
3342,SOLIDSNAKEN64
3343,SPARKY358gaming
3344,SSJGodku
3345,SSJRhandy
3346,STARMARTIN
3347,STHGamer
3348,SWERY_51
3349,SWFan523
3350,SaadAnime
3351,Saber82
3352,SaberHazari
3353,Sablcious
3354,SacredWarrior
3355,SadForester8586
3356,Saeverin
3357,SagiR1
3358,SaifHeat
3359,SailorSonic
3360,Saint_Seiya
3361,Saivot
3362,Saix7
3363,Sakamoto_San
3364,SakuraFox_
3365,Salador2606
3366,SalarymanDaishi
3367,Salgi
3368,SaltyNoodles
3369,SaltyShellduck
3370,SalvaNois
3371,Salvader
3372,SamAxe00
3373,SamComedian
3374,SamFisher88679
3375,SameerXC
3376,Samhirai
3377,SamirMrtnz
3378,Samnity
3379,Samulaan
3380,Samuzin
3381,Samvell
3382,SanAgustin1992
3383,Sandro86
3384,Sandweech
3385,Sanic8mehfridge
3386,Santi28
3387,SaraDraw
3388,SargeGO
3389,Sarian263
3390,Sartagis
3391,Sasukah
3392,Saturn6425
3393,SaturnTheCoyote
3394,Saume
3395,Sausage22
3396,Savarast
3397,SaviorGaming
3398,Savitar21007
3399,Sawlyn
3400,SayreTX
3401,SbenLives
3402,ScaRy666
3403,Scabia
3404,Scaryspirit1
3405,Schism78
3406,ScholarCrosty
3407,Schuback
3408,Scoli
3409,Scorebot
3410,Scottixboy
3411,Scouse_Gamer_88
3412,Scritty
3413,Scude
3414,Scumbag_
3415,SeSaNo
3416,Seathate
3417,Sebascr12
3418,SebasthianCD24
3419,SebbyPlaysMusic
3420,SecretVengense
3421,Sego
3422,Selvaria
3423,SemmitySam
3424,SenatorAranor
3425,Senden_Wh
3426,SenorKoquonfaes
3427,SenshudoTV
3428,SentryFastRacer
3429,Sereirra
3430,Serenityinaz12
3431,SergeiZ
3432,Sergiopcv
3433,SergiusMagnus95
3434,Sergofx1
3435,Seriosity
3436,SeriousKir
3437,ServusDei
3438,SethCritic
3439,Setsudo
3440,SetsunaSeiei
3441,Setzera
3442,SevSantana
3443,SevZeroSeven
3444,SeverinK
3445,SewAwOw
3446,SgAkErRu
3447,SgtPatches
3448,Sh0dan
3449,Sha1ashaska
3450,Shaboogity
3451,Shaddock
3452,ShadixxTH
3453,Shadow1
3454,ShadowDogg115
3455,ShadowRose
3456,ShadowShadex
3457,Shadow_of_dead
3458,ShadowofZexa
3459,Shadowrito
3460,Shadowxxx
3461,Shamrock97
3462,ShantaeFan123
3463,Sharoot
3464,ShbeblyTheGreat
3465,Shechu
3466,Shedegg
3467,Shekky
3468,Shfity
3469,ShibeLeDoge
3470,Shigeru
3471,Shimmeywill
3472,Shishka
3473,Shlomo3006
3474,Shmilblix
3475,ShowHound
3476,ShrekXY
3477,Shrekening
3478,ShrinkingViolet
3479,Shtern
3480,Shtirliz72
3481,ShunOugarden
3482,Shunior
3483,Shuvit
3484,Shynmas
3485,SiAScORCH
3486,Siamoize
3487,Sicario0031
3488,SidTheCritic
3489,SideOrderoLemon
3490,Sieghardt
3491,Sifer2
3492,Signas501
3493,Sihyeon
3494,Sijun
3495,SileSixEcho
3496,SilenceinmotioN
3497,SilentHightimes
3498,SilentINU
3499,SilentLev
3500,SilentMugwump
3501,SilentWolf
3502,Silhouette
3503,Silver1995
3504,SilverOrlov
3505,SilverRam
3506,Silverboltakina
3507,Silversong
3508,Simon2
3509,SimonHofling
3510,SimonLynchSligo
3511,Simonbochini
3512,Simperheve
3513,Simpo99
3514,Sinakz23
3515,Sindroms
3516,SinisterVortex
3517,Sinmaker
3518,Sipilongo
3519,SirXyonder777
3520,Sir_Pantyson
3521,Sitheral
3522,Sixpack
3523,Skeeter_N_Geech
3524,SkeletonBones
3525,Skemford
3526,SkittleDork7
3527,SkizDriz
3528,Skizzzo63
3529,Skoobasteev
3530,Skulb
3531,Skullkruncher
3532,Sky-Moondrift
3533,Sky117
3534,Skydog
3535,Skyi99
3536,Skylolo
3537,SkywalkerMcD
3538,Skyware
3539,SlapUout
3540,Slaran
3541,Slash3410
3542,SlashSlayer
3543,Slasher05
3544,Slate
3545,Slaviy
3546,Slaynii
3547,Slevin310
3548,SlightlyOP
3549,Slit
3550,Slsr
3551,Slunk4
3552,Slyguyi69
3553,Smashstate
3554,Smile_Bot
3555,Smitty0581
3556,SnaZzyDotEXE
3557,Snivlak
3558,Snjake
3559,Snowpine
3560,Soccermaniac10
3561,Sockifed
3562,Socksockmaster
3563,Socratease
3564,Sojum
3565,SolaireMengao
3566,Solaris123
3567,SolidCenturio
3568,SoloYU
3569,Soluxity
3570,SomaKitsune
3571,Somecthemes
3572,Someone69420
3573,Sondirrasta
3574,Songrim
3575,Sonic1234
3576,Sonic45X
3577,SonicAndMegaMan
3578,SonicDude
3579,SonicEnthusiast
3580,SonicEpicBR
3581,SonicFan132
3582,SonicFan29
3583,SonicGamer08
3584,SonicLove2
3585,SonicRun
3586,SonicSpeedo92
3587,SonicT22
3588,Sonico2023
3589,Sonicthereview
3590,Sonnington
3591,SonySonic
3592,Sorex
3593,Sormon
3594,Soukou21
3595,Soul_it
3596,Soullex
3597,Souls2
3598,SoulsHunt
3599,SouthernPoint
3600,Sovereignlol
3601,SpaceCowboyX
3602,Spajry
3603,SpardaKnight
3604,Sparkman
3605,SpartanEdge
3606,SpawnCap
3607,Spawnmunk
3608,Specimen128
3609,Speed4Runs
3610,SpeedCyber
3611,SpeedPower465
3612,Speedox
3613,Spierdalaj_Jako
3614,Spinxington
3615,SplattBobb
3616,SplitMind
3617,Sploolordcam
3618,SpongeGuy20
3619,Spookbox92
3620,SportsareCrap
3621,Springchicken
3622,SpunkyMonkey
3623,SpunkyWarts
3624,Spuros73
3625,SrCre
3626,SrPepe
3627,SrTakelot
3628,Sr_PuXiToPuiG
3629,Sr_Weske
3630,Sressiv
3631,StIwY
3632,StNishigo
3633,Staanko
3634,Stalker5
3635,Stan_Osbourne
3636,StanleyPain
3637,StapledYeti
3638,Starfree
3639,Stariy_Big
3640,StarkAgentos
3641,Starwind
3642,StaticSpine
3643,Stealthgear
3644,Steeldude
3645,Stefarooh
3646,Steinimk
3647,StellarDust
3648,StellarScythe
3649,Steph64
3650,Stereophobia
3651,Sterrewiggelary
3652,StevePhilips
3653,Stevenawtb
3654,Stewie4K
3655,Steyraus
3656,Stimpi13
3657,Stingerbee
3658,Stio
3659,Stlouzilla
3660,Stolben
3661,StonePwnReviews
3662,Storm1672
3663,Str8Up
3664,StratMaster
3665,StrategyStormer
3666,Strategyitself
3667,Stratslinger315
3668,Strelok
3669,Stri00135456
3670,Strice
3671,StriderKiwi
3672,StriderRx7
3673,Strop77
3674,StuOhQ
3675,Stuarts
3676,SuDzUkA
3677,Suadi86
3678,Subject98
3679,SubstanceTV
3680,SuccEvie
3681,Sukhveer
3682,Sung-Bong
3683,Sunkist
3684,Sunshadow87
3685,Supah69
3686,SupahGualtah
3687,SuperAquaLuigi
3688,SuperFloorMat
3689,SuperKevin
3690,SuperLeo
3691,SuperMarioBro
3692,SuperNacho
3693,SuperRobot9
3694,SuperSonicJunus
3695,SuperTeus
3696,SuperVideogamer
3697,SuperWaffle57
3698,Super_Cloud
3699,Supereme
3700,Superficiality
3701,SuperkenGaming
3702,Suprah
3703,Supremo182
3704,Suprizer
3705,SurpriseApo
3706,Susano
3707,Svetlendrius
3708,Svintus
3709,Swagforever
3710,Swagger08
3711,Swalay
3712,Swanger92
3713,Swift_Milo
3714,Swimming4Ten
3715,Swirler
3716,SwitSwat
3717,SwoopTrust
3718,Syhlcam
3719,Sylaman
3720,SylaxSYN
3721,Sylictic
3722,SynSeven
3723,Synomas
3724,Syriamn
3725,SyrupForDragons
3726,T-DIDDEY
3727,T1Avenger
3728,T3ruKuu
3729,T3ru_Kuu
3730,TENCESAR
3731,TFK11
3732,TGious
3733,THABOMB
3734,THE-Wind
3735,THE_TURTLE
3736,THRREALEXPERT
3737,THX1968
3738,TJ_of_Carolina
3739,TKBuffalo
3740,TLX_Lexer
3741,TMind
3742,TORANTUL
3743,TROTTERPM
3744,TSNintendogamer
3745,TSSrax
3746,TSW
3747,TSapper
3748,TT64
3749,TTV-Marech4
3750,TUGW
3751,TVenomoth
3752,TXTSWORD
3753,T_okyo
3754,Tabbou
3755,TacoDeBirria
3756,TacticianIcarus
3757,TacticsTitans
3758,Tacticz
3759,Tagirix
3760,TagoMago
3761,Taken_Hades
3762,Takfloyd
3763,Talal79
3764,TalonGaming10
3765,Tampasco
3766,Tankboi
3767,TannerSF
3768,Tarradax
3769,TastedCorn
3770,TastieToasty
3771,Tata
3772,Tataobr
3773,TatleTaleStrang
3774,Taylord99
3775,Taziar
3776,TazmilyKoala
3777,TeaFan
3778,Team_Bob
3779,Teaman
3780,Tebziii
3781,TechLevel
3782,TechnicalN9ne
3783,Ted_Tris
3784,TeemoTime
3785,Telzvitu
3786,TemichRussian
3787,TemplarGR
3788,TenchuuKhan
3789,Tendoncutter
3790,Tenken
3791,Tensazangetsu
3792,TergeroN
3793,Termin8ter
3794,TerranceA
3795,Terrlian
3796,TerrorDelMexico
3797,TesterAndReview
3798,Tetsuro
3799,Texlar
3800,Tf2moreLikeTfBo
3801,Thaiphlosion
3802,ThamuzopZzzx9
3803,Thanatos909
3804,Tharduz
3805,TharikLeonardo
3806,TharosTheDragon
3807,That0neMime
3808,ThatReviewGuy
3809,The-Crow
3810,The1Verse
3811,TheAdminJJ
3812,TheAgentBrandon
3813,TheAlmightyAlex
3814,TheAlphaReview
3815,TheArchetypes
3816,TheAtomicTofu
3817,TheAwesomer
3818,TheBasicReviews
3819,TheBestGod
3820,TheBlacky
3821,TheBrick517
3822,TheCatalyst
3823,TheChaser1985
3824,TheCoffeeTalker
3825,TheCornflex
3826,TheCowWentMooo
3827,TheCupcakeMan85
3828,TheDarkKnight22
3829,TheDestroyer
3830,TheDon81
3831,TheDuner13
3832,TheEdu2020
3833,TheEmptyOne
3834,TheExtraGuy
3835,TheFlameBoy4
3836,TheFrog
3837,TheGame_Reviews
3838,TheGamer31
3839,TheGamerGuide
3840,TheGreatGatsby
3841,TheGrimReviewer
3842,TheGrindeR
3843,TheGunHero256
3844,TheGuyWhoHats
3845,TheHeadHunter
3846,TheHollaway
3847,TheHollowOne
3848,TheHumbleGamer
3849,TheJhosLOL
3850,TheJohnnySkull
3851,TheLagbringer
3852,TheLewdOne
3853,TheLordEnki
3854,TheLurkingKing
3855,TheMaleBoss
3856,TheMzingReview
3857,TheNiceGuyHere
3858,TheNobleProdigy
3859,ThePCGamer101
3860,ThePSButton
3861,ThePokeRalls
3862,ThePopCulturist
3863,ThePoshTw_t
3864,ThePotnoodleBoy
3865,TheQuietGamer
3866,TheQweast
3867,TheRavingTimes
3868,TheRealFlame
3869,TheRealist871
3870,TheReviewerV1
3871,TheReviewisTrue
3872,TheScorpion
3873,TheShodri
3874,TheSnitchfather
3875,TheSolution1
3876,TheSquirrel
3877,TheTallos
3878,TheTruth69
3879,TheUnbeholden
3880,TheVibe_
3881,TheVindicated
3882,TheWarriorMan
3883,TheWizard69
3884,The_Arkiteck
3885,The_Awesomedude
3886,The_Chuck
3887,The_D4RknesS
3888,The_Globe
3889,The_L
3890,The_Maverick
3891,The_Mook_Man
3892,The_Ommadawn
3893,The_heel
3894,The_rainbow_00
3895,ThecriticGoD
3896,Thegamesup
3897,Thegodfatherson
3898,Theguyoffire
3899,Thejodjeremie
3900,Thekid_ir
3901,Thepotatoking81
3902,Theraton
3903,Therealspingleb
3904,Therealsswager
3905,Theuzz
3906,Thiagodc
3907,Thikag
3908,ThirtySix
3909,Thisisbadjuju
3910,Thisisthetruth
3911,Thomas347steel
3912,Thomas9999999
3913,Thomas_Heaton
3914,Thor32123
3915,Thornx99
3916,Thosevelvetygms
3917,Thousander
3918,Thrylos
3919,Thunderman0011
3920,Thwomp
3921,ThyagoFelipe
3922,ThyagoFox
3923,TiagoGM18
3924,TiagoRPGfan
3925,Tiago_Voltaire
3926,TianLong1
3927,Tibetskiy
3928,TigasCap
3929,TigerShark0907
3930,Tigers_blood_18
3931,Tigre-Assyrien
3932,Tijk
3933,Tikur
3934,Tilt1k
3935,Timber
3936,Timo18072007
3937,Timothy927
3938,TipoGamer
3939,Tipt03
3940,TitaniumDragon
3941,Tmark
3942,ToFewViews
3943,ToadingAround
3944,ToastKirby
3945,Toastgames
3946,Toasty87
3947,ToastyDoasty
3948,Tobyvenom
3949,Toffenuff
3950,ToguroYounger
3951,Tokyochuchu
3952,TomBvoid
3953,Tomas95
3954,TomassonManaos
3955,Tomazoca
3956,Tomcan
3957,Tomjoad83
3958,Tomle1202
3959,Tommaton
3960,Tommo11
3961,Tommy_Gpunkt
3962,TonyBoyBR
3963,TooLateLouis
3964,Top1sarayaS
3965,TopGamer
3966,Topfpflanze
3967,Topoide
3968,Torcidash1950
3969,Torgall
3970,Torgul
3971,Torres204
3972,Torreyes
3973,Tosamnu
3974,ToshLichev
3975,TotalNyan
3976,TounVic
3977,Tperson
3978,Tr4uma
3979,Tradnux
3980,Traedogger
3981,TrafalgarDLaw
3982,TragicJawnson
3983,Tranquilbez22
3984,TreasureOrTrash
3985,Trek404
3986,Trey82
3987,TriNiParty
3988,Triblue
3989,Trishi
3990,TriviumLover69
3991,TrollingGamer
3992,Tromble
3993,Troylazlow
3994,Trsa88
3995,TrueGamer1910
3996,TrueOptimist
3997,TrueRevive
3998,Truekler
3999,Trujilloluigi
4000,Truth1065
4001,TryASummersault
4002,Tryingbrute2
4003,Trypsinogen
4004,TsGhostRiley00
4005,Tsewe
4006,TsiyoBasi
4007,Tsmith96
4008,Tstevens462
4009,TsukasaHiiragi
4010,TubbierWombat
4011,Tubie
4012,Tugulli
4013,TundraFreeze
4014,Tuneo
4015,Turbo1
4016,TurboViper
4017,Turbobutts
4018,Turbocreamer
4019,TurkishPS3Gamer
4020,Turnbull_AC
4021,Turrican
4022,Tushar
4023,Twalls27
4024,TwigNigel69
4025,Twin2712
4026,TwistedDoc
4027,Tyrant719
4028,UCA
4029,UKMikey
4030,USADave85
4031,USAsucks
4032,USEURillusion84
4033,Uarabei
4034,Ube_latte
4035,Ugnaughtlover69
4036,Ultranasiliy
4037,Ume
4038,Umlaut
4039,Umur
4040,UnbiasXboxGamer
4041,UnbiasedOne
4042,UnderrateXposer
4043,UndisputedXbox
4044,Unemportant
4045,United009
4046,UnleashedSucks
4047,Unlikeminded
4048,Unreal
4049,Untitled94
4050,Unurautare
4051,Uranio88
4052,UrchinChieftain
4053,Usefulidiot
4054,User11234
4055,UserJuicer
4056,UserThomasH
4057,UsernameTaken10
4058,Usur
4059,Uzumakitony
4060,V1nceR3viewer
4061,VALVeY
4062,VEREST_TV
4063,VERNAISDEAD
4064,VETRA
4065,VFTareks
4066,VG_Alex
4067,VLG
4068,VTL
4069,Valdier
4070,Valent1
4071,ValerianRoot
4072,Valleymsx
4073,Vampyre
4074,VanCan72
4075,Vanco
4076,Vanpire73
4077,Vapor96
4078,Vapture
4079,Vasharal
4080,VayaRollito
4081,Vectis99
4082,Vegetunks9000
4083,Velcrohead1961
4084,Veliki_Gospar
4085,VelocityGamer
4086,VendonJura
4087,Venomous123
4088,Ventu
4089,Ventura94
4090,Vergilxxz
4091,VermillionHaze
4092,Vernal
4093,VertexEspada
4094,VexingVision
4095,VezFigo
4096,Vibroman
4097,Vicjo
4098,VictorFerreira7
4099,VictorHugo1482
4100,VictoriaSparda
4101,VideoGameCritic
4102,VideoGameReview
4103,VidsRule
4104,VidyaBum
4105,VigilanteOito
4106,VikNO
4107,Viktory_Gaming
4108,Vilio
4109,Villnius
4110,Vin377
4111,VincentValen
4112,ViniCiusBr
4113,ViniKnihs
4114,ViniRafs
4115,VinicciusTL
4116,Violentken
4117,Violett
4118,Violin_Man123
4119,ViralFearDigit
4120,Virgal
4121,VirgilX
4122,VirgonoShaka
4123,Virvelvind
4124,Viscera
4125,Visitbr
4126,Visualdarter
4127,Vitalick
4128,Vitamin-J
4129,VitariousTuba
4130,VitorSouza_34
4131,Vixuzen
4132,Vizition
4133,Vlad14
4134,Vladaimmortal
4135,Vladamir8
4136,Vladimir202
4137,Vmac19
4138,VonCarlsson
4139,VonSeux
4140,Von_Fred54
4141,Voodooseeker
4142,Vorch
4143,Voretechz
4144,Vortex_Stormy
4145,Voyou
4146,Vrabac
4147,WAXL
4148,WCM320
4149,WHITESIXOMAR
4150,WSP
4151,WSSJESS
4152,WYSIWIG
4153,WadieGamer
4154,WalkingDead5640
4155,Walternate
4156,WaluigiFan
4157,WaraWana
4158,WardenofSilence
4159,Wargoz
4160,WarioBR
4161,Warlike
4162,WarpWhistle
4163,Warrior_of_Doom
4164,WaterDoggo
4165,Watermelon789
4166,WavesOfPosiedon
4167,Waxmang
4168,WeReview4U
4169,Webosxdxdxddd
4170,Weeblo
4171,Weehamster
4172,Weiss
4173,WellEvil
4174,Weltall_of_Id
4175,Wenstat
4176,WerN1211
4177,Werten25
4178,Weslapootayn
4179,WestHamYank
4180,Westimations
4181,Weszitoh1
4182,Whamtree
4183,Whatarethose
4184,Wheeler411
4185,WhitelightHBK
4186,Whiteowl479
4187,WhoDaDev
4188,Whoami123456
4189,Why_username
4190,Wiebe
4191,Wiedzemir
4192,Wiezzel
4193,Wifflum
4194,WiiChallenger
4195,Wii_u_reviver
4196,WikiPlane48
4197,WilcoRoger
4198,Wilks
4199,Will_V
4200,WilliamHaole
4201,WinTime
4202,WingedAnomaly
4203,WinterSoldierAM
4204,Winterspark
4205,Winzidy
4206,Winzier09
4207,Wisem
4208,WizardMinecraft
4209,WizardlyWaffles
4210,Wobbuffet
4211,Wodzu_Andzej
4212,Wofw
4213,WolfDragoX
4214,WolfRaven19
4215,Wolfie1987
4216,Wolfmother
4217,Wolterhon
4218,Womenlovegames
4219,WonderRed
4220,WoodenToaster
4221,Woolee
4222,Wormoid
4223,Woua
4224,Woundmang
4225,Wrathzo
4226,Wretuo
4227,WrinkleNeck96
4228,Wubble33
4229,Wuffybrother
4230,Wulfburk
4231,X-Abrupto
4232,XBOX360
4233,XBOXftw
4234,XDanielol
4235,XDavidX
4236,XJoseManuel10X
4237,XNextGamerX
4238,XRAIN
4239,XV_
4240,X_Matt_X
4241,Xacto01
4242,XaeroAv
4243,Xankyo
4244,Xaphnir
4245,XavierBlaq
4246,Xavierriddle100
4247,Xbluannax
4248,Xborn74
4249,Xbox1Guy
4250,Xbox_Alive
4251,Xboxgamer39
4252,Xelion
4253,Xelluse
4254,Xemnas
4255,Xemnios
4256,Xena17
4257,XenoFantasy1
4258,Xerenis
4259,Xevon
4260,Xiphoideus
4261,XitArS
4262,Xplocion
4263,Xrayplayer
4264,XsymphonyX
4265,XtremeNY
4266,XxAlbertoBuzzxX
4267,XxJoseManuelxX
4268,XxKrackonxX
4269,Xxdaniels751xX
4270,Xzibit228
4271,Y6F
4272,YASIFAIZI
4273,YTpetergamer965
4274,Yaav13
4275,Yabs
4276,Yagrold
4277,Yako
4278,Yakob
4279,Yakuzet
4280,YamatoBoy
4281,Yan2002
4282,Yaskomo
4283,Yassya
4284,Yaysuz
4285,YazeedAls
4286,Ydun79
4287,YeShallBeAsGods
4288,YeahNah
4289,YeestMcFouster
4290,Yesacritic
4291,Yesitsindra
4292,YinYoss03
4293,YixsXBL
4294,YoSahop
4295,Yobyoni
4296,YohanH123
4297,Yohanes_
4298,Yojimbo2015
4299,Yoloman66
4300,Yomoma
4301,Yoow
4302,YordanD
4303,Yoser
4304,Yossef728
4305,Yotsuba
4306,YoungCritic007
4307,Young_Fawn
4308,Youngmoney9745
4309,Youngproscia
4310,YourNeighbour
4311,YourOtherMother
4312,Yourmumsbills
4313,YoutubeTGW
4314,YtiaFenya
4315,Yukari
4316,Yulduz
4317,Yunalesca
4318,Yuri_Yslin
4319,YurySosnov
4320,Yvl9921
4321,ZID346
4322,ZOMGTEHMEMER
4323,ZPFan0LAB
4324,ZXSth
4325,ZaPaAl
4326,Zachatastic117
4327,Zachu
4328,ZackH25
4329,Zahrada
4330,Zalabar22
4331,Zalarc
4332,Zallen
4333,Zamorado
4334,Zamtar
4335,ZangBang
4336,Zanjutsu
4337,Zarmi
4338,Zastrow
4339,Zat0ne
4340,ZazzyZazzles
4341,Zbox
4342,ZeRo_Bahamut
4343,Zeag
4344,ZechariahHall
4345,Zegram
4346,ZekeNitron
4347,Zekigin
4348,Zeldren
4349,Zemeckis
4350,Zenon52
4351,ZeoN
4352,Zeph
4353,ZephyrWeiss
4354,Zepurmelin
4355,Zer0xl
4356,Zero_89
4357,Zerockman
4358,Zeroman95
4359,Zerreth
4360,Zhek87
4361,Zilcell
4362,ZiltonReviews
4363,Zime
4364,Zinaldo
4365,Zjm
4366,Zman6495
4367,Znittarn
4368,Zodbones
4369,Zodiaci
4370,Zodiacprince
4371,ZombieFan281
4372,ZombieMM7
4373,ZombieTech
4374,Zomgman
4375,Zongo
4376,Zooker
4377,Zooks808
4378,Zornock
4379,Zorron
4380,Zrot
4381,Zski
4382,Ztride
4383,Zu343
4384,ZuiYu
4385,Zumbie101
4386,Zuprnova
4387,Zuralot
4388,Zwiodimus
4389,a9249
4390,aGrover12
4391,aHard
4392,a_bad_one
4393,aaahhhhsneeze
4394,aadms
4395,aandrade81
4396,aark_
4397,aaronnmp96
4398,aawells07
4399,abHYPE88
4400,abaddonsascent
4401,abcded1
4402,abdiel1284
4403,abekdd
4404,abhi181080
4405,abi_abhiabi
4406,ablaise82
4407,ablindkid
4408,aborle
4409,abraham_b
4410,aceventura
4411,acg_uk
4412,acoolguy
4413,actinium
4414,adam0509
4415,adam451
4416,adamflame7
4417,addtheKILL
4418,adeallmark
4419,aditya1101
4420,adlo
4421,adm564
4422,admdel
4423,adreiOTL
4424,adrenilinmatt
4425,adrhenriquegm
4426,adu101992
4427,aecsuter
4428,agekbaten
4429,agent101
4430,agusss
4431,ahmadbinmadi
4432,ahmedosama
4433,ahsmod
4434,aidanpscott
4435,airborne17th
4436,airdrac
4437,ajithcrsmes
4438,akarnokd
4439,akelan-germany
4440,akiraono
4441,aksu113
4442,akuxayu
4443,alan2pc
4444,alan_w_c
4445,alandrade21
4446,albegres
4447,aleksander444
4448,aleksassta
4449,alex007
4450,alex2542
4451,alexalexalexale
4452,alexandrea
4453,alexaxa
4454,alexdovo
4455,alexfsmw
4456,alexmann152
4457,alexpfb
4458,alexwance
4459,alh
4460,ali2005
4461,alicewil
4462,aliciemadness
4463,alihamra
4464,alisonomis
4465,aliwathq
4466,alphaomega88
4467,alueh
4468,alvangee
4469,alvarocortess
4470,alvir218
4471,amckwolf
4472,amerxenosmoods
4473,amirmahdi22
4474,andoarias
4475,andreasmoon
4476,andree1991
4477,andrew77
4478,andrewp8020
4479,andrewrox
4480,andrewthekenner
4481,andy2020
4482,andyking24
4483,anfeherle89
4484,angel91a
4485,angelf1982
4486,angelfilm68
4487,angelikmayhem
4488,angeljs
4489,angelroney17
4490,angelrubio
4491,angrygnat
4492,animatethedead
4493,animefan1976
4494,anonymousone
4495,antenneone
4496,anthonybobby
4497,antibodee
4498,antonioprime
4499,antonsalogvinov
4500,antonzhalob
4501,anxiousAdvocate
4502,anythingbelow
4503,apokalipto
4504,apox
4505,applepiejr
4506,arbitrator
4507,archonome
4508,arfkurniawan47
4509,ariashadow
4510,arislaf
4511,armadonpower
4512,arostislavna
4513,arruu
4514,arssvml
4515,art4321
4516,aryacooloff
4517,as9798
4518,asael24
4519,asafad2007
4520,asdfasdfadsf
4521,asdgasgea
4522,ashenshinobi
4523,ashketchum
4524,ashleyxv
4525,ashwathama199
4526,asjklas
4527,asjklasjklas
4528,aspentitan
4529,assassinader200
4530,atenplex
4531,atown350
4532,attwah-nz
4533,atyoukha
4534,auditbadger
4535,auronsito_
4536,auxiliaire
4537,ave
4538,average_
4539,avishay50
4540,awesomeness12
4541,aykzrd
4542,azgoodaz
4543,azizsopinions
4544,azurefiction
4545,b00lpr0p
4546,baddeadtaste
4547,bagladybetty
4548,bak_m
4549,balvan64
4550,bancandrei
4551,bar0yka
4552,baruch88
4553,basic123
4554,bastois
4555,batailxx
4556,batmoon7
4557,battleTerror
4558,bc05
4559,bde9000
4560,bdog011
4561,bear00766
4562,bearbishop
4563,bearthor
4564,beastmode30000
4565,beeanadou
4566,beeblebrox
4567,beelzie14
4568,bennibop
4569,bergcamp101
4570,berkay79d
4571,berthon
4572,bespread1
4573,bezerkey
4574,bfoore90
4575,bfornatoro
4576,bg-char1
4577,bianweiqu123
4578,biert
4579,bigbaldwolf
4580,bigbonees
4581,bigboss1964
4582,bigchocolate69
4583,biggranny
4584,bigsilverhotdog
4585,bilbyc0m
4586,biraghigabi
4587,birdman3
4588,bitskull
4589,bizzy222
4590,blackbird1
4591,blackluffy
4592,blacksmith82
4593,bladex
4594,blakfayt
4595,blazedasherut
4596,blitzfire911
4597,blitzyPerry
4598,blogfirstlast
4599,bloodless08
4600,bloodygunner17
4601,blue-ninja
4602,blutank24
4603,bmoreno
4604,bmurrell30
4605,bobbybitman
4606,bohica_ice
4607,bolt7
4608,bonnin40
4609,bora8413
4610,borannogay
4611,boredasfook
4612,boredboredbored
4613,borla
4614,bornblind
4615,borxsus
4616,bosconian87
4617,boshi
4618,bosst2
4619,boucquillon
4620,boydimages
4621,boznahto
4622,br_1245
4623,br_moore
4624,bradtheman123
4625,braisfmira
4626,bramchvh
4627,brandfakes
4628,brandon713
4629,branger888
4630,breadcrumbs97
4631,breadsandwhich
4632,breakbacon
4633,brendo214
4634,brizant
4635,brkckl
4636,brockcheese
4637,brockowski
4638,brofenix
4639,bruce47
4640,bruh1232
4641,brunogaia2013
4642,brunoisnotapunk
4643,bsalazar
4644,btl630900
4645,builtFORDtuff
4646,bullybullybanjo
4647,bunndle_of_fun
4648,burrru
4649,busbfran
4650,buzer
4651,buzz1213
4652,buzz3791
4653,buzzin_nice
4654,buzzspark
4655,bwdh1992
4656,bwheatley
4657,byrnzy201
4658,c1nemAlex
4659,cableguy3333
4660,cadamuu
4661,caffeine305
4662,cagataybaysal
4663,cainx10a
4664,cakeranks
4665,calderra
4666,caligula_king
4667,camekanehir
4668,camilosanchez16
4669,cancali
4670,captaincroatia
4671,carhigh
4672,carlinos
4673,carlvazq_
4674,carnivorCactae
4675,castlevaniacrap
4676,cattyerde
4677,caun
4678,cb2992
4679,cbskate00
4680,cchenders40
4681,ccrogers15
4682,ce111
4683,celtqy
4684,cesqu
4685,cezar88augusto
4686,chainsawslayer
4687,charlie412
4688,cheburagen
4689,cheerful_dirge
4690,chemdude8
4691,cheongzewei
4692,chernandez31
4693,chesaro
4694,chetanaik
4695,chickeno_o
4696,chief55
4697,chitbazik
4698,chix
4699,chocobo
4700,chocolate123
4701,chocolateplay14
4702,chocydinosaur
4703,chong
4704,chosebine
4705,chrisd19844
4706,chrisjones914
4707,chrisse989
4708,chronologic4
4709,chronovore
4710,chronustrigger
4711,chuchel
4712,chuckyj1
4713,chumpwithnoname
4714,churros
4715,chuydavid
4716,cinareges
4717,circusmort
4718,cish
4719,cizo_o
4720,ckiverigan1
4721,clanky9
4722,clarkjw123
4723,clem666
4724,clemyeats
4725,closedsocket
4726,cloudydays
4727,cloverblob
4728,cmknamg
4729,cn2305
4730,coa_tle
4731,coahh
4732,coistmunt12345
4733,coldcalculated
4734,coldhurted
4735,coldnorthwind
4736,colossalcarl
4737,compot8
4738,concerto49
4739,conorbobonor
4740,contrast513
4741,coopers41
4742,cordwoo
4743,corecmdr
4744,cornborn
4745,corpep
4746,cort
4747,cortezzzCZ
4748,coso132
4749,cows
4750,crackshot36
4751,crashedragon
4752,crazayman123
4753,crazydangerous
4754,cread1
4755,cresham2
4756,crigamon
4757,crimsondoor
4758,crishy
4759,cristoxd7
4760,criticguy22
4761,criticman9000
4762,criticsouthguy
4763,cronothegamer
4764,crowy1250
4765,crs
4766,crying
4767,crysis-shadow-7
4768,crzsev
4769,css101
4770,cursedsoulless
4771,curtiswolf
4772,curzon_dax
4773,cwepahguy225
4774,cygnarite
4775,cylentstorm
4776,czerro
4777,d3uzZ
4778,daarthreview1
4779,dadwyer
4780,daebat
4781,daedalus_
4782,dahurtbizness
4783,daisycutting
4784,dajhorn
4785,dallaitalia
4786,dan-man
4787,danchamberlain
4788,dandalis
4789,daneru
4790,daniel7345
4791,danielscotth
4792,danilyoer
4793,dannzs
4794,danskmacabre
4795,dantcraft
4796,dante12309s
4797,dante_finn
4798,dantejavier5
4799,danuffo
4800,daok911
4801,darezzi
4802,dariolord
4803,dark_dill
4804,darkmario777
4805,darkwraith
4806,darkyto
4807,darkzaga
4808,darkziosj
4809,darthDAVER
4810,darthhelixx
4811,darthvader_28
4812,darthvictor
4813,dasa44
4814,dastankz
4815,datruff
4816,davey16
4817,daveyy12
4818,davidcraig
4819,davidplays3
4820,davitolucena
4821,dawiz
4822,daxirit329
4823,daystar0826
4824,dchoover1987
4825,deadspacer47
4826,deathdealer
4827,deax
4828,dedas
4829,defenz
4830,deftones034
4831,deilldo
4832,demFailz
4833,demolisher7778
4834,denisperrr
4835,deputydodger
4836,derek_
4837,dertre
4838,destinyfan1
4839,destroyer3242
4840,detourdude
4841,deviantstudio
4842,devinup
4843,deycd
4844,dggt
4845,dharma
4846,diablo4randy
4847,diabloNL
4848,diarrhea
4849,diealegend
4850,diegofru
4851,diehard-gamer
4852,digga123
4853,digitalbeef
4854,dimitrii_ss2
4855,dimweat
4856,dingobreath
4857,dinosaurio
4858,dinosauryoshi
4859,diogoslaa
4860,diralark
4861,dirtyslobber
4862,disappointment
4863,dislexicpotato
4864,djtomee86
4865,dkurjery
4866,dl_MARFI_lb
4867,dlcatalin
4868,dmauas
4869,dmelendez34
4870,dmitriy_savenok
4871,dmitrydk12
4872,dogget76
4873,dogukansapmz
4874,dohboh
4875,domadordepollos
4876,dominikdowolny
4877,donanja
4878,donmcdonough
4879,donmopa
4880,doodlerman
4881,dorohedorofan90
4882,dottorfrizzino
4883,dpc
4884,dr-kenobi
4885,dr33dz
4886,dr_zoidberg590
4887,drag_ricken
4888,dragoneric
4889,dragonfire
4890,drakenseng
4891,draphael111
4892,dreadnought
4893,dreamgod247
4894,drewcedarwild
4895,drlowdon
4896,drock
4897,droolinandfooli
4898,drywall
4899,dts7714
4900,dualbunny
4901,dubesor
4902,duhwayne
4903,dukla3088
4904,dumbo17
4905,dumle
4906,duncanaus
4907,dustmanyt
4908,dustyogd
4909,duydome
4910,duzie
4911,dwayner
4912,dwelch10
4913,dylansgaming48
4914,dypsomaniart
4915,dyspeptic
4916,eVeHuracan
4917,eagle262
4918,earthearth
4919,ebodur
4920,eddiejones2002
4921,edutra1976
4922,eeeres
4923,eefeef
4924,eeveegms
4925,egoBorder
4926,ehtaco
4927,el_freisenberg
4928,el_rico12t7
4929,elecxra
4930,elefsar
4931,elendiel7
4932,elgreenmachine
4933,elianamiranda
4934,elinbarrage
4935,elitefour
4936,elliot5
4937,elliquinn
4938,elolugo
4939,elrichstev
4940,elsergimax
4941,eltiGames
4942,elvergotas
4943,emilio22
4944,emiplaynintendo
4945,emlugo123
4946,emmeybal9211
4947,emporio2866
4948,emreglbdk
4949,endings
4950,endresults
4951,endymion1974
4952,entertainer929
4953,environment
4954,enzyme1
4955,eoghaner_2k10
4956,epislog
4957,epistm87
4958,epolgar
4959,erbertthere
4960,erdogfu96
4961,erhanz
4962,ericcoutinho
4963,ericdyn
4964,ericrichardson
4965,ericwithcheese
4966,eridani
4967,erikmalkavian
4968,essamKonafa
4969,etb444
4970,ethan101
4971,eva3si0n
4972,eve_neto
4973,evlglswolf
4974,evolution98
4975,ewenr
4976,existentialist
4977,experiman
4978,explobc
4979,explodr
4980,explorerbay
4981,eyesotd
4982,ezio121
4983,f8tal1ties
4984,f_type
4985,fabbiotime97
4986,fabeledbagel
4987,fabgo
4988,fabiolcb
4989,faceless-1
4990,factualthoughts
4991,faintpresence
4992,fakeSupers
4993,fake_nikpap
4994,falconfilms
4995,fallacies8899
4996,fantasticknight
4997,fantastictroyoy
4998,fapoh11346
4999,farrrullll
5000,fat_funny_freak
5001,fateappointed
5002,fathom2821
5003,faulkman
5004,faultytools
5005,fawazc
5006,fbio_2963
5007,fedorp4p
5008,feelihipo
5009,feetjai
5010,fefecoco
5011,felipegodoyp
5012,felsefikola
5013,fenixh5494
5014,fer5500
5015,fercaveri
5016,fernansonicfan
5017,fernohead
5018,fhg
5019,fiftythree
5020,fijiboy
5021,filip92
5022,finalinsanity
5023,firehead
5024,firemawile
5025,fiszek198
5026,fjaoaoaoao
5027,flameking1087
5028,flametail23
5029,flamin_shotgun
5030,flanmcbean
5031,flaviofearn
5032,flim
5033,flounda11
5034,flowersdiego
5035,flowxsss
5036,fludziom
5037,fluffybutt00
5038,fnenamg
5039,folkingtales
5040,folmas
5041,forevernes
5042,forgedsledge
5043,forstanden
5044,fossilfuel33
5045,fourthwall99
5046,foxmulhoney
5047,frankgames
5048,frankie_gino
5049,frankielee
5050,frankzhang2046
5051,frast
5052,fray_bentos
5053,frederik1478
5054,fredmister
5055,freduc99
5056,frhanhanif
5057,friendlynerd
5058,frogvsmosquito
5059,frozenology
5060,frugal_frogger
5061,fuhreak
5062,fullypr3load3ed
5063,fuor22
5064,fuyuyuki
5065,g0ing2f4st
5066,g0ose
5067,g0r37s
5068,g4br1x
5069,g8mrecon59
5070,ga2121
5071,gab_izidio
5072,gabes1919
5073,gabriel987o01
5074,gabrielkyagami
5075,gachimaster
5076,galacticgaming8
5077,galanteo94
5078,galstaff
5079,gamefriek
5080,gameguardian21
5081,gameking
5082,gamer2013
5083,gamer39
5084,gamer_bunny
5085,gamer_man2
5086,gamer_who_cares
5087,gamerandgamer
5088,gamerblue
5089,gamersan
5090,gamerz4life
5091,gamesnetwork
5092,gameynerdynerd
5093,gamezgeek
5094,gaming24
5095,gamingisgreat
5096,gamingmad
5097,gamingnewsdaily
5098,ganofe
5099,garet13x
5100,garfield997
5101,garygreen
5102,garyxskillz
5103,gasho
5104,gasperk
5105,gautamkumar633
5106,gauxelus
5107,gavey02
5108,gawkybravo1
5109,gayass123
5110,gddurruti
5111,gebagia
5112,geekchannel1
5113,gematric
5114,generalsamston
5115,genesisdoes
5116,gennaroRonnega
5117,gentlebenno
5118,gentlegiant03
5119,geo333
5120,george_bondo
5121,gezodiac
5122,ghostwriter84
5123,ghzghost
5124,giappone
5125,gietek
5126,glebsh1
5127,glenbomb
5128,glitchmaster
5129,gloriouspotato
5130,gmpawesomeness
5131,goatedMW2BO1
5132,gobarbedo
5133,godWhisperer
5134,godihand
5135,godking
5136,godzillabots
5137,goggs25
5138,gold
5139,gordoninc
5140,gorelequint
5141,gotterpotter56
5142,gozzy87
5143,gqmasters3
5144,gracjanski
5145,gradefan241
5146,grandpajoe6191
5147,greenbey
5148,greentolar
5149,gregthreet
5150,greninjaX
5151,grid10ck
5152,grimreapersims
5153,grinderX19
5154,grugsplat
5155,grumankind
5156,gsninja
5157,gstiker5
5158,gui2310gBR
5159,guiletheguiles
5160,guilhermebathis
5161,guilhermegowps
5162,guitarguy001
5163,guruFTW
5164,gwynbleidd27
5165,gyigyo2
5166,gyui
5167,haadouukeen
5168,haengwerk
5169,halokillerkid
5170,hamedbanaderi
5171,hansen1981
5172,happyslug
5173,haroony
5174,harryjc
5175,hassc
5176,hassenpheffer
5177,hatsonfire
5178,hawkiesuglies
5179,hazi91
5180,hazsch
5181,hcurrie7
5182,headspacej
5183,hector_bcn98
5184,heime2003
5185,heisenberg_88
5186,heizendrat
5187,hejtyjaa
5188,hekoh
5189,helena23
5190,hello3090
5191,hellstorm901
5192,hellznrg
5193,helpfulsage
5194,helppeople
5195,herbertbracke
5196,herget
5197,herimejson
5198,herman_5395
5199,hessamps5
5200,heychrisfox
5201,hiddenpheonix
5202,hileger
5203,hirschlord
5204,hizoka
5205,hlnkay
5206,hmpd
5207,hocineDZ
5208,hockerz
5209,hodjedi
5210,hollowfication
5211,homer4president
5212,hooper-316
5213,hoppimike
5214,hostaman
5215,houjo2000
5216,houyi111
5217,how_are_u
5218,howaythelads
5219,https_500
5220,huginodensen
5221,huh7600
5222,humbertof
5223,hundocent
5224,huntams
5225,hunter_bjj77
5226,hunterhh
5227,hurhur15
5228,huskobon
5229,huss2215
5230,hustlie
5231,huswyinbaba
5232,hwfanatic
5233,hydeks
5234,hydroquaqua
5235,hyoputer
5236,hyper27
5237,iCronic
5238,iGor9
5239,iKen
5240,iSniper
5241,i_am_the_raven
5242,iamTylerDurden
5243,iamevilhomer
5244,iammad12675
5245,iamnosuperman
5246,iamtrent424
5247,iamyup
5248,iandizion713
5249,ibblue07
5250,ibrahimkhan1234
5251,ibrsnr
5252,iceybeast45
5253,ichmarich
5254,iddqd4
5255,idkwahttoput
5256,iduncan91
5257,igornarciso
5258,ihatecheez
5259,iipotato
5260,ikas_ando
5261,ikereview
5262,ikey1555
5263,iliketrains
5264,illusion0206
5265,iloveFFC
5266,ilovecris
5267,ilovegames123
5268,ilovegames32
5269,iloveoldgames
5270,ilrerogiocatore
5271,ilyazt
5272,imalynxcat
5273,imnohurie
5274,imnumberQ
5275,imoses
5276,imoviesreview
5277,imypabloxeonalv
5278,indigobeast
5279,infernalbritish
5280,infinityqs
5281,infraRecon
5282,ing17
5283,inkblowout
5284,interprete
5285,ioxx
5286,iozay
5287,ireviewthings1
5288,ironike
5289,ironlotus
5290,isaacm
5291,iskendersoysal
5292,islesofurth
5293,itonez
5294,itsmeaagain
5295,iunder
5296,ivan_fukitman
5297,ivespires90
5298,iwojet
5299,izraillikedi31
5300,jaaackyboyyy
5301,jackhunter
5302,jacktwelve
5303,jackuars
5304,jaemes
5305,jafs741
5306,jaguare19
5307,jakandjoe
5308,jake38
5309,jake999
5310,jakethesnack
5311,james50a
5312,james811h
5313,jamess
5314,jamieavfcheath
5315,jano4040
5316,janwe04
5317,jape
5318,jaroldo
5319,jarv419
5320,jarvitom
5321,jasma
5322,jason294859
5323,jasondouglas777
5324,javierb415
5325,jaydavis1796
5326,jayjjj
5327,jaymeehuynh
5328,jbaymen27
5329,jcarl663
5330,jcasetnl
5331,jchu454
5332,jcn93
5333,jdd96
5334,jdmsjmsrscgm
5335,jdogginess
5336,jdsnidejr
5337,jeanphilt
5338,jeffreycallahan
5339,jelikey
5340,jeremymd
5341,jesstheripper
5342,jfabian0391
5343,jfjohnny5
5344,jgilkinson
5345,jhamlin1971
5346,jiffypop333
5347,jikflet
5348,jim109109
5349,jimfaindel
5350,jimmynoshoes
5351,jingQ
5352,jinslegend
5353,jjdjunk
5354,jld89
5355,jmaneater
5356,jmurray93
5357,joao---
5358,joao1198pedro
5359,jodmk2
5360,joebamama
5361,joehi1
5362,joel_tdl
5363,joer40
5364,johnchill4
5365,johncol
5366,johnp
5367,johnyct9760
5368,joker7195
5369,joncenea
5370,jonnhyblaze
5371,jonnyohio
5372,jonvlc
5373,jordancotton
5374,jorgepc95
5375,jose12342
5376,josesueiro
5377,joshxdr
5378,jpresario82
5379,jrb363
5380,jrmichael19
5381,jrober40
5382,jsands7
5383,jsharbour
5384,jstq
5385,jswessler
5386,jtlats
5387,jtn519
5388,jugadorhardcore
5389,jugglaj91
5390,jugularis
5391,julian_zizzle
5392,julius98
5393,junglewolf
5394,juniorbacci
5395,juniortiger
5396,jurrabi
5397,justagamer123
5398,justoneSHrev1ew
5399,jwitcher234
5400,jzm0
5401,k1erx
5402,k958
5403,kaicluan
5404,kailoone
5405,kameleonkicha
5406,kanefriessner
5407,kanike60
5408,karcael
5409,karmasleeper
5410,karstenk
5411,kasmuro
5412,katieelizabeth
5413,katjaS
5414,katua87
5415,kauzz
5416,kch3691
5417,kckkryptonite
5418,keefbaker
5419,keepitreal
5420,keirangallagher
5421,kellcooz
5422,kelman66
5423,kenaedawna
5424,keredd1010
5425,ket
5426,ketyow
5427,kevinbiohazard
5428,kevinrodolfoxD3
5429,khis1
5430,kibowman
5431,kil1er1234
5432,killermcbane
5433,killurselfslow
5434,kimchiwarrior
5435,kingdomgeekdom
5436,kingofgames
5437,kingyy2012
5438,kininjo
5439,kirakatsu
5440,kirkteegardin
5441,kish1975
5442,kiwijinxter
5443,kiwikelly
5444,kk333
5445,kkk120108
5446,klaaz
5447,klausfiedler8
5448,kndr
5449,knicks0320
5450,knicksfan567
5451,knifeandfork
5452,knobrot
5453,koko12
5454,kolarz3
5455,koolkris200
5456,kooltrex
5457,kortes
5458,kouradas
5459,krasnysoldat38
5460,krazeeKidd102
5461,kresstein
5462,kris2fur
5463,krooney
5464,kstatekid
5465,kuczmcym
5466,kup108
5467,kurosawa
5468,kusman
5469,kvatch
5470,kvnd
5471,kwopper
5472,kyle20ellis
5473,kylecomics102
5474,kysnigerlmao
5475,lach1223
5476,lame77
5477,lancedance2
5478,landon1996
5479,laniesweet
5480,le-weirdo
5481,leSange
5482,leafeon14
5483,leandrocareka
5484,ledow
5485,leeemmott
5486,legendarysnake
5487,lelbro
5488,lemos1898
5489,leo10
5490,leonardo_leads
5491,leototosao
5492,lesiuML
5493,levoxyl
5494,lewj85
5495,leyor
5496,lguitrguy
5497,lidwang
5498,lightlazer
5499,likeitsillegal
5500,likevin96
5501,lil_fifty
5502,linkgirlistrash
5503,linodelrey
5504,linvail
5505,lizardkingg
5506,llamayarmybar
5507,lloydy280
5508,lmtz1618
5509,loadstone007
5510,loafybread
5511,lockedigitalus
5512,locklear93
5513,logandp7
5514,lohfn
5515,lokoroth
5516,lollipopp88
5517,lonewolf0228
5518,loongjohnsilver
5519,lordT
5520,lorienwarden
5521,loserb0i
5522,lostleader
5523,lotsati
5524,loumex
5525,loving_games_44
5526,lowkey42o
5527,loxx74
5528,lryderz1998
5529,luaanzero
5530,lucascuba
5531,lucidguy
5532,luckydutch
5533,luigiguy
5534,luiselx
5535,lukasatem
5536,lustrofuria
5537,luvwrapper
5538,lymkyuman
5539,m85021
5540,mASTERbLASTER1
5541,mAusPcGamer1100
5542,maahikhan15
5543,macronsilver332
5544,madehenrads
5545,madmantwentyone
5546,mafon2
5547,magcakpro
5548,maintitle
5549,majesty_x
5550,malachi560
5551,mandmandw
5552,maniac1982
5553,maniac_taniac
5554,maniactaniac_ig
5555,manoel18
5556,mantita239
5557,manutdfan71294
5558,mar
5559,marc_gmlc
5560,marcheur28
5561,marckivar
5562,mareknufc
5563,marick333
5564,mario_sparrow93
5565,mark60301
5566,markasscop
5567,markodon
5568,markorus
5569,markwhitton
5570,marlon155
5571,maroto
5572,marqpas
5573,martinho_99
5574,mashedtatter
5575,masterfox3000
5576,masterjohnson1
5577,masterofunivers
5578,mat9056
5579,mateikon
5580,mathcristian
5581,matheusdebklop0
5582,matheusfox
5583,matidestrro
5584,matthias61984
5585,mattmate71
5586,maximushell
5587,maxkenton
5588,maxmcg
5589,maxpain9999
5590,maxsymilians
5591,mazonik
5592,mbourou
5593,mbrownd
5594,mccool
5595,mcmanusaur
5596,mcquack306
5597,mdk567
5598,mds03
5599,meediocre
5600,mega98
5601,megaD
5602,megatonroach
5603,mekmillan
5604,melcrose
5605,melkepakken
5606,memo_rx
5607,mentalmannie
5608,mercury1987
5609,metalforbrainz1
5610,metalgearrising
5611,metamator
5612,metaviewr316
5613,meteeadiguzel
5614,metroidgames
5615,mevsthevoices
5616,mewkid1234
5617,mexranger
5618,mgftp
5619,mhclaudino
5620,michaelb1928
5621,micic00
5622,middle324
5623,midipon
5624,miguellopez99
5625,mihaeru_keru
5626,miiarcus
5627,mik05
5628,mikehettfield
5629,mikenigel23
5630,mikereview
5631,mikesgold2K
5632,mikevall
5633,mikhailmaldonag
5634,millia
5635,milocritic
5636,minecraftlover5
5637,mininova
5638,minix2poo
5639,mirg
5640,misery1990
5641,missaelcarmona
5642,misterMiao
5643,mistertorgue
5644,mitana
5645,mixitoad
5646,mixxalot
5647,mizukitauwu
5648,mkharris08
5649,mkhue108
5650,mlnsn
5651,mlracey
5652,mmarko433
5653,mmrventricle
5654,mnKx
5655,moashley
5656,modshroom
5657,mohamadrajabi73
5658,mohamedhabib
5659,moijk
5660,monkeyspunk
5661,montcomery
5662,moonlaba
5663,moonman1994
5664,moothemagiccow
5665,moranop
5666,morfil
5667,morty20
5668,mose14
5669,mostafasaeedix
5670,motchymotch
5671,mr-NachoMen
5672,mrThomasTeller
5673,mrbakasan
5674,mrcat
5675,mrcritic
5676,mrdoom6900
5677,mrmonster
5678,mrnice
5679,mrpetition
5680,mrraccoon_it
5681,mrrealperson
5682,mrsquidward
5683,mrthrow28735
5684,mrwarcriminal
5685,msherry9
5686,mskhm7949
5687,msterbishop
5688,mtkuszek
5689,mulisharobbo
5690,mumbo
5691,murilolu
5692,murut87
5693,musstang62
5694,musto95
5695,muzmuz
5696,mxnu54
5697,my-opinion
5698,mykdee
5699,mynameiscalled
5700,n6gget
5701,n_switch
5702,na3uTuB4uk94
5703,nahobino5_
5704,naii808
5705,najib909
5706,nalukima
5707,namDa65
5708,namazu
5709,namelessrequiem
5710,nanacano
5711,naotabozu89
5712,narikolives
5713,naruto-
5714,nathan_drake
5715,nathansmith15
5716,natty637
5717,naufri27
5718,navarrojpx
5719,ncore
5720,necroguy
5721,negga221221
5722,nekrobator
5723,nekromorfoza
5724,nelson2004
5725,nemix3d
5726,neojotic
5727,neomoonsevin
5728,neonzation
5729,nerekitantmanes
5730,neuvieme114514
5731,new2dsxl
5732,nexus151196
5733,nflrocks24
5734,nfs7379
5735,ngelo00
5736,nh59bany
5737,nicholas_linden
5738,nick101
5739,nick1407
5740,nickderpderp
5741,nickmatveev2008
5742,nicktaste
5743,nicomarin12
5744,niconline
5745,nietzfk
5746,nightsharks23
5747,nightstroller
5748,niknokseyer
5749,ningky
5750,ninja_dolphin
5751,ninjanerd
5752,ninoni12
5753,nintendo-sekta
5754,nintendofan08
5755,nintendofan721
5756,nitai007
5757,nitorita
5758,njja02
5759,noellesz17
5760,nombremfalso
5761,nonaste
5762,nonchalantgamer
5763,nono5551212
5764,noob_saibot
5765,noobman600
5766,nopugs
5767,nosaints9
5768,nostalgiaisbad
5769,not134
5770,not_good
5771,notbrianblessed
5772,notmichael
5773,notsolittlejon
5774,novembr
5775,ns0l
5776,ntsarb
5777,nurfedx
5778,nw2010
5779,nyanyashi
5780,o2deprived
5781,oDescomplicador
5782,o_rfilho
5783,obthegeek
5784,obzhora69
5785,obzorbarin
5786,oceanice
5787,octowattson
5788,odademonking
5789,odderking
5790,ohaiKendyl
5791,okayokay
5792,okner
5793,oldmaster1818
5794,olegigor
5795,olevy1212
5796,oliverkk
5797,omar47hitman
5798,omniface
5799,omranooo
5800,omrkcmn
5801,onemanstudios
5802,onewarmslime
5803,onyxian
5804,oompah
5805,opiatem
5806,orangebike9393
5807,ori0nis
5808,orkinen
5809,ortizarmy81
5810,oshaylinux
5811,oursy
5812,outerringz
5813,overfiend87
5814,overlot
5815,ovoon7
5816,oz4n
5817,p30better
5818,pabloclippings
5819,pablon
5820,padako
5821,paddystudmuffin
5822,pak-76
5823,panckage
5824,pandalard
5825,papermanda
5826,pariviews
5827,parrisgg
5828,partyintheback
5829,pashockys
5830,patrickLamigian
5831,paul_lim3
5832,paynexkiller
5833,pazmacats
5834,pazuzu410
5835,pdr_
5836,peanuts
5837,pedraww
5838,pedrosantos1
5839,peedro14
5840,penmumble
5841,pennyroyalGuy
5842,pepegamer
5843,pepsl3
5844,permafrost
5845,perseas
5846,pete409
5847,peterdeman78
5848,petitpurin
5849,petrkozak13
5850,pg-shadowrunner
5851,phdr_vrba
5852,philzlz
5853,phoenix_prjct
5854,phonglk
5855,phulos
5856,phz
5857,pienpien
5858,piff2000
5859,pipili
5860,pipper
5861,pirluit
5862,pissbaby22
5863,pjlx911
5864,plainnos
5865,plebc
5866,pmdisthebestgam
5867,poker909
5868,poolhalljunkie
5869,poolsolid15
5870,pootislord
5871,popo34995
5872,porkprism
5873,potato5624
5874,potatoes351
5875,pots555
5876,poupy1979
5877,poutana
5878,pouya_cc
5879,pratikgorasia
5880,pre_-cision-_
5881,pretty__vacant
5882,pretty_ugly
5883,pricecaptain104
5884,priyodit
5885,protivakid
5886,proxskullz
5887,ps4lover
5888,psvita-mediaNL
5889,puchinho
5890,pungaboy
5891,purpleberry
5892,pydmy
5893,pyrominsoo
5894,qasbash
5895,quotenneger
5896,r03vg
5897,r0l0
5898,r3alP
5899,rAMZA
5900,raccoondaddy
5901,radbronado
5902,radio1111
5903,raefon
5904,rafaelavelino
5905,rahan
5906,raidendaigo
5907,randomne
5908,randrewmccarthy
5909,rapha1985
5910,raphu604
5911,rareapricot
5912,rareh
5913,rasLivity
5914,rastec
5915,rationalgamer
5916,raubray
5917,raulpassos1808
5918,raver19
5919,rawrchar
5920,rayalk
5921,rayoelperro
5922,razzzor
5923,rcoberle54
5924,realDonaldTrump
5925,realisticgamer
5926,realkinko
5927,reallcer
5928,rebeccaandisaac
5929,reconplayer9037
5930,red9000
5931,redrx8gt2005
5932,reepo
5933,referencia
5934,refue
5935,renel
5936,renkm1
5937,rennygeroge
5938,renogza
5939,reread
5940,res0nancer
5941,ressenhaa
5942,resumegames
5943,reubz1123
5944,revrevolution
5945,reza825
5946,rezo_21
5947,rhaynes7
5948,ricardosilveira
5949,richmond1210
5950,ricklongo
5951,rickygaming
5952,ricmetal
5953,rigeliuss
5954,ripear
5955,rizzle1986
5956,rjfoxtrot
5957,roachtbp
5958,roaldkaspers
5959,roarinelk
5960,robertaugust
5961,robertjweber
5962,robertoiglesias
5963,robogiraffe
5964,robohunterx
5965,rocketleaguesuk
5966,rockettrash69
5967,rodcamilo
5968,rodericrinehart
5969,roh214
5970,rohbi
5971,romichjordan
5972,rootz
5973,roozbehjs
5974,roscarul
5975,rostov778
5976,rotku
5977,roymcgeeters
5978,roymystify
5979,ruangamer
5980,rubin
5981,rudemech
5982,runefactory4
5983,runner
5984,ruuther
5985,rxgamer
5986,ryaaann
5987,ryeli
5988,rygu
5989,ryuzaki57
5990,rzr7717
5991,rzrrazer
5992,sabaothkelly
5993,sad-ferrari_fan
5994,sahailion
5995,saimonSG
5996,sakalipsa
5997,sakuraba1982
5998,sakurazuka90
5999,saltydog99
6000,samcharlot123
6001,sandlefoxiv
6002,sandrasuzuki
6003,sandstedt
6004,santimaci
6005,savagejoe444
6006,savannarg
6007,saxo27
6008,scalan15
6009,sceic
6010,schimidtwas
6011,sckolar
6012,scorched595
6013,scorp18
6014,scorpion_king4
6015,scrb
6016,screwyoutsuuk
6017,sdc
6018,sddfsvdsfdfs
6019,sddm
6020,sean_iwnl
6021,seantendo001
6022,seantimothy
6023,sebastianali
6024,sefrabu
6025,seieko_pherdo
6026,seinar2
6027,sergei72
6028,sergioOoOoOo
6029,sergiomach5
6030,sergrahi
6031,seric
6032,serzas212
6033,sethdrake
6034,setuis
6035,seyon
6036,sfsefsqfgdrsqdg
6037,sgthombre
6038,shado474
6039,shadowhedgehog
6040,shahilsyed
6041,shalabi84
6042,shambo
6043,shang-chi_VG
6044,sharksfan98
6045,shatti
6046,shefard
6047,shenkenhigh
6048,sherbz
6049,sheyda760n
6050,shinozn
6051,shootingstars99
6052,shortyg35
6053,shumat
6054,shycaterpie
6055,silenthill4
6056,silenthill4bad
6057,silentironlung
6058,silverQ1
6059,silverwolf42
6060,sinadoom
6061,sinisterrainbow
6062,siren_killer
6063,sirgamer44
6064,sirkhanz1
6065,sitebender
6066,sityoazzdown
6067,skeith
6068,skeletonking123
6069,skimmedmilk
6070,skippiskip
6071,skodathegreat
6072,skogsgurka
6073,skoob
6074,skrillexfreak
6075,skskskddd
6076,skullguy
6077,skydivefh
6078,skyluxx
6079,skyminster
6080,skywaker-_-
6081,slartibartfas
6082,slated289
6083,slomofojoe
6084,slugnutt
6085,slydaniels
6086,smarteck
6087,smijatov
6088,smilzoboboz
6089,smug_hoe
6090,snootchie
6091,snowpowa
6092,soahknam
6093,sobarzoojr
6094,solaris1234
6095,solarstrIker
6096,soldar
6097,soloogt
6098,solutions10
6099,someone78374823
6100,someonewhocares
6101,somethingguy912
6102,somovbiu
6103,sonatsayar
6104,sonicheroes123
6105,sonicqpqp123
6106,sonu_singhnz
6107,sonyfanloco
6108,sosuss
6109,soufjel
6110,spacebear1
6111,spadenx
6112,spazzinmekon
6113,spencerplewe
6114,spidermangoty
6115,spidy_zoz
6116,spinnes
6117,splatdeath
6118,spockivi
6119,spreyz
6120,sprinkill
6121,spybaz
6122,spydercanopus
6123,sqlim
6124,squarewindow
6125,squeelovespie
6126,squirrelflight
6127,ss3bferocks
6128,ssffsalman
6129,ssgibson
6130,ssj2_shrimp
6131,stamito
6132,stanski
6133,starburns
6134,starlingmax
6135,starmario123
6136,starsh3ro
6137,starsi360
6138,stefangl
6139,stephenj10
6140,stesproject
6141,stevanthecruel
6142,stevenhearnn
6143,stickowho
6144,stingrayBR
6145,storygamer
6146,straightdiggity
6147,strangermoon
6148,stranglehold
6149,strapcharles
6150,strav
6151,stu_collier
6152,stupidcapslock
6153,sugmsballs
6154,sulaco426
6155,summerblend
6156,suneater
6157,supermonkey
6158,superpauwau
6159,superpyro296
6160,superstrategy
6161,supes83
6162,supremeitalian
6163,susel37
6164,swagbreak
6165,syandicate
6166,syndicat
6167,sypisybi
6168,system256
6169,tadnid
6170,tamir128
6171,tamtam775377
6172,tangosucka
6173,tarekmallo
6174,tariq_almandhar
6175,taroko
6176,tattoosteve
6177,taylorjran
6178,tazz29
6179,tb12
6180,tbagurdrumset94
6181,tdebug
6182,teenageSpirit
6183,teflontactics
6184,tekhedd
6185,tenow
6186,tensioly
6187,terminalgrid
6188,texugolindo
6189,tgeza01
6190,tgsenough
6191,th3bigrau_8
6192,thando_TMZ
6193,thatguy012
6194,thatkid1995
6195,theAngryGameCri
6196,the_blueprint
6197,the_sarpo
6198,the_unknown_
6199,theamity9
6200,thebeachinator
6201,thebrock
6202,thecoolguyeewin
6203,thedude82
6204,theeDarkhorse
6205,theelous3
6206,thegamerbro
6207,theirrelephants
6208,thejonez
6209,thelawgiver
6210,themizarkshow
6211,thenerdoftech
6212,thenerdynerd99
6213,theophage
6214,theoren
6215,thepatient613
6216,theprotagonist
6217,therealvang
6218,therefriedbean
6219,therooster
6220,theshonen8899
6221,thethethe4
6222,thiago52192
6223,thipmattos
6224,thj1188
6225,thordeusdo7
6226,thoumi96
6227,threeam
6228,threeoftendie
6229,tigersfun
6230,tigerztale
6231,tigris77
6232,tiho
6233,tijauna
6234,tils2190
6235,timbers_WSU
6236,timedevourer
6237,timmertams
6238,timone
6239,timotei
6240,tiner1vg
6241,tixi777
6242,tj3n123
6243,tjspells
6244,tk_248
6245,tkirb
6246,tmaddz
6247,tmdrzk
6248,tmgravy
6249,toddgak
6250,tom974
6251,tomariscool
6252,tombo
6253,tomenigma
6254,tomflanders
6255,tomfrumtarn
6256,tomkoto
6257,tommyT64
6258,tommystar
6259,tomtin
6260,tomvs123
6261,tonberry_ftw
6262,toonlinkman
6263,topender
6264,tormodg
6265,total_gamer
6266,toteles
6267,tovare
6268,trakpichu
6269,trav90
6270,tre802001
6271,trench_monkey
6272,tribaal
6273,trigueru
6274,trinovatic
6275,tronchaviones
6276,truegamer1111
6277,truegamerandhu
6278,truenorman
6279,tsakiym
6280,tsmasher1000
6281,tstremfel
6282,ttocs
6283,tufekciero
6284,tukumalu
6285,tunahan43
6286,turansoylu
6287,turitz
6288,tututdyure
6289,twistedgaming
6290,twos
6291,txemanovelo
6292,tyedyesect
6293,tylercisnt
6294,tzaghra
6295,tzbenetti
6296,ubergeekzilla
6297,uda124
6298,uffdabock
6299,ugarov_jr
6300,ultra-astra
6301,ultraRising
6302,ultrasakont
6303,ulysees33
6304,umrttl
6305,unbiasedfrank
6306,unclesamrocks
6307,unclomz
6308,unevenpolecat
6309,unexist
6310,unit_one
6311,unknownshino
6312,unluckydice
6313,uoKAOS
6314,upinyocribdawg6
6315,urieaal
6316,urmomhehe
6317,urmomisahoe
6318,ursulaocc
6319,ursynhu
6320,usd741
6321,ustunab
6322,v_law
6323,vaell
6324,vagg7
6325,vahn
6326,valenelpro64
6327,valente_nebula
6328,valeriiege
6329,valiki
6330,vampireking330
6331,vangomaextreme
6332,vape
6333,vattodev
6334,vaultdwelller
6335,vcaybasi
6336,velyref
6337,vergildmc5
6338,vickykoi
6339,victoriah
6340,victorz19
6341,vigilanteOito8
6342,vinicius77777
6343,vinnie_vegas
6344,violentvito
6345,viqili
6346,vishavjitsingh
6347,vito0719
6348,vixvicco
6349,vlasama
6350,vomov
6351,vonimaster
6352,vova22379
6353,waallace
6354,wadad17
6355,waso
6356,watchm824
6357,waverlock
6358,waynepoolo
6359,wdsgrdgrsqwdgrf
6360,weallone
6361,webwizo
6362,weegee123
6363,wegie125
6364,welctoj
6365,weldroy
6366,wellspokenman
6367,wesker2012
6368,wesker3407
6369,weskergamer
6370,westbeach
6371,wgrd_enjoyer
6372,wgwebb
6373,whatname
6374,whitessshinobi
6375,wholexxx
6376,whosaysnototoes
6377,wicka
6378,wiiugamer
6379,wilkat87
6380,will824
6381,willfisher123
6382,william42589
6383,willmoy38
6384,wily_codger
6385,wingedwolf
6386,wishanem
6387,wisnoskij
6388,withard
6389,wittzi
6390,wizegamer
6391,wojtulace1
6392,wolfe_707
6393,wololooo
6394,wolverinne
6395,wtfux
6396,wyvernshido
6397,x420Raptor
6398,xDaudex
6399,xInfernalDragon
6400,xJo_sephs
6401,xPekingDuk
6402,xRAIDER34x
6403,xTheZenithx
6404,xXHITMANXx
6405,xXJosh24Xx
6406,xXRedZeroXx
6407,x_RadicalAura_x
6408,xa5it
6409,xaviar_nl
6410,xboxlikewater
6411,xboy1024
6412,xcJetx
6413,xchaotic
6414,xdhollywood
6415,xdschuetz
6416,xenbaloch
6417,xkrauser15x
6418,xxAcesHighxx
6419,xxjerm70xx
6420,xxlen1978
6421,xyper
6422,xyzYAZEEDxyz
6423,yagkira
6424,yaloolenoogoo
6425,yangfanhong
6426,ydi
6427,yeezymane
6428,yertre
6429,yiric4
6430,yitus
6431,ylnylmn
6432,yoghurt95
6433,yolandivisser
6434,yolo08
6435,yoshi564
6436,yoshisbox
6437,yosufXd9
6438,yota234
6439,youlouz
6440,yourrscreendoor
6441,youruncle
6442,yoyopuppet
6443,yuki__
6444,yukiyoung
6445,yumegiwa
6446,yuricloud3
6447,yuriel
6448,yusep
6449,yvesquo
6450,z0cka
6451,zGoldenOG
6452,zNeverSleeping
6453,zReaper59
6454,zRyderx
6455,zabian
6456,zach_grech
6457,zachym11
6458,zacland21
6459,zaczac
6460,zanatadrummer
6461,zapzap_rs
6462,zaratti
6463,zarvx
6464,zasaz13
6465,zcat5
6466,zeldaTOK
6467,zen_racer
6468,zeromanGEO
6469,zezeljmare
6470,zidfrit
6471,zigzak
6472,zkeepah
6473,zodak
6474,zombox5000
6475,zorkzero
6476,zprestridge
6477,zuzuspetals
6478,zyllus
